id,name,native_name,common_name,code,code_3,capital,continent,world_region_id,timezones,latitude,longitude,calling_codes,border_countries_id,created_at,updated_at
1,"American Samoa","American Samoa","American Samoa",AS,ASM,"Pago Pago",Oceania,9,"["UTC-11:00"]",-14.33333333,-170,"["1684"]",[],"2022-10-14 04:06:08","2022-10-14 04:06:08"
2,Anguilla,Anguilla,Anguilla,AI,AIA,"The Valley","North America",12,"["UTC-04:00"]",18.25,-63.16666666,"["1264"]",[],"2022-10-14 04:06:09","2022-10-14 04:06:09"
3,Antarctica,Antarctica,Antarctica,AQ,ATA,NULL,Antarctica,32,"["UTC-03:00", "UTC+03:00", "UTC+05:00", "UTC+06:00", "UTC+07:00", "UTC+08:00", "UTC+10:00", "UTC+12:00"]",-90,0,"["672"]",[],"2022-10-14 04:06:09","2022-10-14 04:06:09"
4,"Antigua and Barbuda","Antigua and Barbuda","Antigua and Barbuda",AG,ATG,"Saint John's","North America",12,"["UTC-04:00"]",17.05,-61.8,"["1268"]",[],"2022-10-14 04:06:09","2022-10-14 04:06:09"
5,"Arab Republic of Egypt",مصر‎,Egypt,EG,EGY,Cairo,Africa,7,"["UTC+02:00"]",27,30,"["20"]","[219, 221, 222, 194]","2022-10-14 04:06:10","2022-10-14 04:07:57"
6,"Argentine Republic",Argentina,Argentina,AR,ARG,"Buenos Aires","South America",14,"["UTC-03:00"]",-34,-64,"["54"]","[110, 48, 128, 174, 105]","2022-10-14 04:06:10","2022-10-14 04:07:57"
7,Aruba,Aruba,Aruba,AW,ABW,Oranjestad,"North America",12,"["UTC-04:00"]",12.5,-69.96666666,"["297"]",[],"2022-10-14 04:06:10","2022-10-14 04:06:10"
8,"Bailiwick of Guernsey",Guernsey,Guernsey,GG,GGY,"St. Peter Port",Europe,4,"["UTC+00:00"]",49.46666666,-2.58333333,"["44"]",[],"2022-10-14 04:06:11","2022-10-14 04:06:11"
9,"Bailiwick of Jersey",Jersey,Jersey,JE,JEY,"Saint Helier",Europe,4,"["UTC+01:00"]",49.25,-2.16666666,"["44"]",[],"2022-10-14 04:06:11","2022-10-14 04:06:11"
10,Barbados,Barbados,Barbados,BB,BRB,Bridgetown,"North America",12,"["UTC-04:00"]",13.16666666,-59.53333333,"["1246"]",[],"2022-10-14 04:06:11","2022-10-14 04:06:11"
11,Belize,Belize,Belize,BZ,BLZ,Belmopan,"North America",19,"["UTC-06:00"]",17.25,-88.75,"["501"]","[144, 243]","2022-10-14 04:06:11","2022-10-14 04:07:57"
12,Bermuda,Bermuda,Bermuda,BM,BMU,Hamilton,"North America",33,"["UTC-04:00"]",32.33333333,-64.75,"["1441"]",[],"2022-10-14 04:06:12","2022-10-14 04:06:12"
13,"Bolivarian Republic of Venezuela",Venezuela,Venezuela,VE,VEN,Caracas,"South America",14,"["UTC-04:00"]",8,-66,"["58"]","[48, 130, 22]","2022-10-14 04:06:12","2022-10-14 04:07:57"
14,"Bonaire, Sint Eustatius and Saba",Bonaire,"Caribbean Netherlands",BQ,BES,Kralendijk,"North America",12,"["UTC-04:00"]",12.18,-68.25,"["5997"]",[],"2022-10-14 04:06:12","2022-10-14 04:06:12"
15,"Bosnia and Herzegovina","Bosna i Hercegovina","Bosnia and Herzegovina",BA,BIH,Sarajevo,Europe,30,"["UTC+01:00"]",44,18,"["387"]","[132, 99, 180]","2022-10-14 04:06:13","2022-10-14 04:07:57"
16,"Bouvet Island",Bouvetøya,"Bouvet Island",BV,BVT,NULL,Antarctica,32,"["UTC+01:00"]",-54.43333333,3.4,"[""]",[],"2022-10-14 04:06:13","2022-10-14 04:06:13"
17,"British Indian Ocean Territory","British Indian Ocean Territory","British Indian Ocean Territory",IO,IOT,"Diego Garcia",Asia,23,"["UTC+06:00"]",-6,71.5,"["246"]",[],"2022-10-14 04:06:13","2022-10-14 04:06:13"
18,"Burkina Faso","Burkina Faso","Burkina Faso",BF,BFA,Ouagadougou,Africa,20,"["UTC"]",13,-2,"["226"]","[121, 135, 143, 162, 170, 233]","2022-10-14 04:06:14","2022-10-14 04:07:57"
19,Canada,Canada,Canada,CA,CAN,Ottawa,"North America",33,"["UTC-08:00", "UTC-07:00", "UTC-06:00", "UTC-05:00", "UTC-04:00", "UTC-03:30"]",60,-95,"["1"]",[246],"2022-10-14 04:06:14","2022-10-14 04:07:57"
20,"Cayman Islands","Cayman Islands","Cayman Islands",KY,CYM,"George Town","North America",12,"["UTC-05:00"]",19.5,-80.5,"["1345"]",[],"2022-10-14 04:06:14","2022-10-14 04:06:14"
21,"Central African Republic","Ködörösêse tî Bêafrîka","Central African Republic",CF,CAF,Bangui,Africa,10,"["UTC+01:00"]",7,21,"["236"]","[126, 127, 34, 189, 186, 194]","2022-10-14 04:06:14","2022-10-14 04:07:57"
22,"Co-operative Republic of Guyana",Guyana,Guyana,GY,GUY,Georgetown,"South America",14,"["UTC-04:00"]",5,-59,"["592"]","[48, 187, 13]","2022-10-14 04:06:15","2022-10-14 04:07:57"
23,"Collectivity of Saint Barthélemy",Saint-Barthélemy,"Saint Barthélemy",BL,BLM,Gustavia,"North America",12,"["UTC-04:00"]",18.5,-63.41666666,"["590"]",[],"2022-10-14 04:06:15","2022-10-14 04:06:15"
24,"Commonwealth of Australia",Australia,Australia,AU,AUS,Canberra,Oceania,16,"["UTC+05:00", "UTC+06:30", "UTC+07:00", "UTC+08:00", "UTC+09:30", "UTC+10:00", "UTC+10:30", "UTC+11:30"]",-27,133,"["61"]",[],"2022-10-14 04:06:15","2022-10-14 04:06:15"
25,"Commonwealth of Dominica",Dominica,Dominica,DM,DMA,Roseau,"North America",12,"["UTC-04:00"]",15.41666666,-61.33333333,"["1767"]",[],"2022-10-14 04:06:16","2022-10-14 04:06:16"
26,"Commonwealth of Puerto Rico","Puerto Rico","Puerto Rico",PR,PRI,"San Juan","North America",12,"["UTC-04:00"]",18.25,-66.5,"["1787", "1939"]",[],"2022-10-14 04:06:16","2022-10-14 04:06:16"
27,"Commonwealth of the Bahamas",Bahamas,Bahamas,BS,BHS,Nassau,"North America",12,"["UTC-05:00"]",24.25,-76,"["1242"]",[],"2022-10-14 04:06:17","2022-10-14 04:06:17"
28,"Commonwealth of the Northern Mariana Islands","Northern Mariana Islands","Northern Mariana Islands",MP,MNP,Saipan,Oceania,27,"["UTC+10:00"]",15.2,145.75,"["1670"]",[],"2022-10-14 04:06:17","2022-10-14 04:06:17"
29,"Cook Islands","Cook Islands","Cook Islands",CK,COK,Avarua,Oceania,9,"["UTC-10:00"]",-21.23333333,-159.76666666,"["682"]",[],"2022-10-14 04:06:18","2022-10-14 04:06:18"
30,"Country of Curaçao",Curaçao,Curaçao,CW,CUW,Willemstad,"North America",12,"["UTC-04:00"]",12.116667,-68.933333,"["599"]",[],"2022-10-14 04:06:18","2022-10-14 04:06:18"
31,"Czech Republic","Česká republika",Czechia,CZ,CZE,Prague,Europe,31,"["UTC+01:00"]",49.75,15.5,"["420"]","[118, 43, 176, 214]","2022-10-14 04:06:18","2022-10-14 04:07:57"
32,"Democratic People's Republic of Korea",북한,"North Korea",KP,PRK,Pyongyang,Asia,25,"["UTC+09:00"]",40,127,"["850"]","[108, 155, 205]","2022-10-14 04:06:19","2022-10-14 04:07:57"
33,"Democratic Republic of São Tomé and Príncipe","São Tomé e Príncipe","São Tomé and Príncipe",ST,STP,"São Tomé",Africa,10,"["UTC"]",1,7,"["239"]",[],"2022-10-14 04:06:19","2022-10-14 04:06:19"
34,"Democratic Republic of the Congo","République démocratique du Congo","DR Congo",CD,COD,Kinshasa,Africa,10,"["UTC+01:00", "UTC+02:00"]",0,25,"["243"]","[116, 124, 21, 189, 177, 186, 244, 198, 202]","2022-10-14 04:06:20","2022-10-14 04:07:57"
35,"Democratic Republic of Timor-Leste",Timor-Leste,Timor-Leste,TL,TLS,Dili,Oceania,24,"["UTC+09:00"]",-8.83333333,125.91666666,"["670"]",[150],"2022-10-14 04:06:20","2022-10-14 04:07:57"
36,"Democratic Socialist Republic of Sri Lanka","śrī laṃkāva","Sri Lanka",LK,LKA,"Sri Jayawardenepura Kotte",Asia,2,"["UTC+05:30"]",7,81,"["94"]",[149],"2022-10-14 04:06:21","2022-10-14 04:07:57"
37,"Department of Mayotte",Mayotte,Mayotte,YT,MYT,Mamoudzou,Africa,23,"["UTC+03:00"]",-12.83333333,45.16666666,"["262"]",[],"2022-10-14 04:06:21","2022-10-14 04:06:21"
38,"Dominican Republic","República Dominicana","Dominican Republic",DO,DOM,"Santo Domingo","North America",12,"["UTC-04:00"]",19,-70.66666666,"["1809", "1829", "1849"]",[147],"2022-10-14 04:06:21","2022-10-14 04:07:57"
39,"Falkland Islands","Falkland Islands","Falkland Islands",FK,FLK,Stanley,"South America",14,"["UTC-04:00"]",-51.75,-59,"["500"]",[],"2022-10-14 04:06:22","2022-10-14 04:06:22"
40,"Faroe Islands",Føroyar,"Faroe Islands",FO,FRO,Tórshavn,Europe,4,"["UTC+00:00"]",62,-7,"["298"]",[],"2022-10-14 04:06:22","2022-10-14 04:06:22"
41,"Federal Democratic Republic of Ethiopia",ኢትዮጵያ,Ethiopia,ET,ETH,"Addis Ababa",Africa,23,"["UTC+03:00"]",8,38,"["251"]","[136, 218, 154, 45, 186, 194]","2022-10-14 04:06:22","2022-10-14 04:07:57"
42,"Federal Democratic Republic of Nepal",नेपाल,Nepal,NP,NPL,Kathmandu,Asia,2,"["UTC+05:45"]",28,84,"["977"]","[108, 149]","2022-10-14 04:06:23","2022-10-14 04:07:57"
43,"Federal Republic of Germany",Deutschland,Germany,DE,DEU,Berlin,Europe,17,"["UTC+01:00"]",51,9,"["49"]","[118, 78, 31, 81, 50, 54, 90, 176, 226]","2022-10-14 04:06:23","2022-10-14 04:07:57"
44,"Federal Republic of Nigeria",Nigeria,Nigeria,NG,NGA,Abuja,Africa,20,"["UTC+01:00"]",10,8,"["234"]","[121, 126, 127, 170]","2022-10-14 04:06:23","2022-10-14 04:07:57"
45,"Federal Republic of Somalia",Soomaaliya,Somalia,SO,SOM,Mogadishu,Africa,23,"["UTC+03:00"]",10,49,"["252"]","[136, 41, 154]","2022-10-14 04:06:24","2022-10-14 04:07:57"
46,"Federated States of Micronesia",Micronesia,Micronesia,FM,FSM,Palikir,Oceania,27,"["UTC+10:00", "UTC+11:00"]",6.91666666,158.25,"["691"]",[],"2022-10-14 04:06:24","2022-10-14 04:06:24"
47,"Federation of Saint Christopher and Nevis","Saint Kitts and Nevis","Saint Kitts and Nevis",KN,KNA,Basseterre,"North America",12,"["UTC-04:00"]",17.33333333,-62.75,"["1869"]",[],"2022-10-14 04:06:25","2022-10-14 04:06:25"
48,"Federative Republic of Brazil",Brasil,Brazil,BR,BRA,Brasília,"South America",14,"["UTC-05:00", "UTC-04:00", "UTC-03:00", "UTC-02:00"]",-10,-55,"["55"]","[6, 110, 130, 59, 22, 174, 175, 187, 105, 13]","2022-10-14 04:06:25","2022-10-14 04:07:57"
49,"French Polynesia","Polynésie française","French Polynesia",PF,PYF,Papeetē,Oceania,9,"["UTC-10:00", "UTC-09:30", "UTC-09:00"]",-15,-140,"["689"]",[],"2022-10-14 04:06:26","2022-10-14 04:06:26"
50,"French Republic",France,France,FR,FRA,Paris,Europe,17,"["UTC-10:00", "UTC-09:30", "UTC-09:00", "UTC-08:00", "UTC-04:00", "UTC-03:00", "UTC+01:00", "UTC+02:00", "UTC+03:00", "UTC+04:00", "UTC+05:00", "UTC+10:00", "UTC+11:00", "UTC+12:00"]",46,2,"["33"]","[112, 78, 43, 74, 54, 114, 87, 226]","2022-10-14 04:06:26","2022-10-14 04:07:57"
51,"Gabonese Republic",Gabon,Gabon,GA,GAB,Libreville,Africa,10,"["UTC+01:00"]",-1,11.75,"["241"]","[126, 189, 139]","2022-10-14 04:06:26","2022-10-14 04:07:57"
52,Georgia,საქართველო,Georgia,GE,GEO,Tbilisi,Asia,15,"["UTC-04:00"]",42,43.5,"["995"]","[117, 119, 205, 197]","2022-10-14 04:06:27","2022-10-14 04:07:57"
53,Gibraltar,Gibraltar,Gibraltar,GI,GIB,Gibraltar,Europe,5,"["UTC+01:00"]",36.13333333,-5.35,"["350"]",[87],"2022-10-14 04:06:27","2022-10-14 04:07:57"
54,"Grand Duchy of Luxembourg",Luxembourg,Luxembourg,LU,LUX,Luxembourg,Europe,17,"["UTC+01:00"]",49.75,6.16666666,"["352"]","[78, 50, 43]","2022-10-14 04:06:27","2022-10-14 04:07:57"
55,Greenland,"Kalaallit Nunaat",Greenland,GL,GRL,Nuuk,"North America",33,"["UTC-04:00", "UTC-03:00", "UTC-01:00", "UTC+00:00"]",72,-40,"["299"]",[],"2022-10-14 04:06:28","2022-10-14 04:06:28"
56,Grenada,Grenada,Grenada,GD,GRD,"St. George's","North America",12,"["UTC-04:00"]",12.11666666,-61.66666666,"["1473"]",[],"2022-10-14 04:06:28","2022-10-14 04:06:28"
57,Guadeloupe,Guadeloupe,Guadeloupe,GP,GLP,Basse-Terre,"North America",12,"["UTC-04:00"]",16.25,-61.583333,"["590"]",[],"2022-10-14 04:06:28","2022-10-14 04:06:28"
58,Guam,Guam,Guam,GU,GUM,Hagåtña,Oceania,27,"["UTC+10:00"]",13.46666666,144.78333333,"["1671"]",[],"2022-10-14 04:06:28","2022-10-14 04:06:28"
59,Guiana,"Guyane française","French Guiana",GF,GUF,Cayenne,"South America",14,"["UTC-03:00"]",4,-53,"["594"]","[48, 187]","2022-10-14 04:06:29","2022-10-14 04:07:57"
60,"Hashemite Kingdom of Jordan",الأردن,Jordan,JO,JOR,Amman,Asia,15,"["UTC+03:00"]",31,36,"["962"]","[151, 219, 222, 86, 227]","2022-10-14 04:06:29","2022-10-14 04:07:57"
61,"Heard Island and McDonald Islands","Heard Island and McDonald Islands","Heard Island and McDonald Islands",HM,HMD,NULL,Antarctica,32,"["UTC+05:00"]",-53.1,72.51666666,"[""]",[],"2022-10-14 04:06:29","2022-10-14 04:06:29"
62,"Hellenic Republic",Ελλάδα,Greece,GR,GRC,Athens,Europe,5,"["UTC+02:00"]",39,22,"["30"]","[115, 123, 197, 171]","2022-10-14 04:06:30","2022-10-14 04:07:57"
63,"Hong Kong Special Administrative Region of the People's Republic of China",香港,"Hong Kong",HK,HKG,"City of Victoria",Asia,25,"["UTC+08:00"]",22.267,114.188,"["852"]",[108],"2022-10-14 04:06:30","2022-10-14 04:07:57"
64,Hungary,Magyarország,Hungary,HU,HUN,Budapest,Europe,31,"["UTC+01:00"]",47,20,"["36"]","[118, 132, 204, 180, 214, 184, 239]","2022-10-14 04:06:31","2022-10-14 04:07:57"
65,Iceland,Ísland,Iceland,IS,ISL,Reykjavik,Europe,4,"["UTC"]",65,-18,"["354"]",[],"2022-10-14 04:06:31","2022-10-14 04:06:31"
66,"Independent and Sovereign Republic of Kiribati",Kiribati,Kiribati,KI,KIR,"South Tarawa",Oceania,27,"["UTC+12:00", "UTC+13:00", "UTC+14:00"]",1.41666666,173,"["686"]",[],"2022-10-14 04:06:31","2022-10-14 04:06:31"
67,"Independent State of Papua New Guinea","Papua Niugini","Papua New Guinea",PG,PNG,"Port Moresby",Oceania,26,"["UTC+10:00"]",-6,147,"["675"]",[150],"2022-10-14 04:06:32","2022-10-14 04:07:57"
68,"Independent State of Samoa",Samoa,Samoa,WS,WSM,Apia,Oceania,9,"["UTC+13:00"]",-13.58333333,-172.33333333,"["685"]",[],"2022-10-14 04:06:32","2022-10-14 04:06:32"
69,"Islamic Republic of Afghanistan",افغانستان,Afghanistan,AF,AFG,Kabul,Asia,2,"["UTC+04:30"]",33,65,"["93"]","[70, 72, 236, 199, 188, 108]","2022-10-14 04:06:32","2022-10-14 04:07:57"
70,"Islamic Republic of Iran",ایران,Iran,IR,IRN,Tehran,Asia,2,"["UTC+03:30"]",32,53,"["98"]","[69, 117, 119, 151, 72, 197, 236]","2022-10-14 04:06:33","2022-10-14 04:07:57"
71,"Islamic Republic of Mauritania",موريتانيا,Mauritania,MR,MRT,Nouakchott,Africa,20,"["UTC"]",20,-12,"["222"]","[106, 162, 179, 207]","2022-10-14 04:06:33","2022-10-14 04:07:57"
72,"Islamic Republic of Pakistan",Pakistan,Pakistan,PK,PAK,Islamabad,Asia,2,"["UTC+05:00"]",30,70,"["92"]","[69, 108, 149, 70]","2022-10-14 04:06:34","2022-10-14 04:07:57"
73,"Isle of Man","Isle of Man","Isle of Man",IM,IMN,Douglas,Europe,4,"["UTC+00:00"]",54.25,-4.5,"["44"]",[],"2022-10-14 04:06:34","2022-10-14 04:06:34"
74,"Italian Republic",Italia,Italy,IT,ITA,Rome,Europe,5,"["UTC+01:00"]",42.83333333,12.83333333,"["39"]","[118, 50, 178, 184, 226, 247]","2022-10-14 04:06:35","2022-10-14 04:07:57"
75,Jamaica,Jamaica,Jamaica,JM,JAM,Kingston,"North America",12,"["UTC-05:00"]",18.25,-77.5,"["1876"]",[],"2022-10-14 04:06:35","2022-10-14 04:06:35"
76,Japan,日本,Japan,JP,JPN,Tokyo,Asia,25,"["UTC+09:00"]",36,138,"["81"]",[],"2022-10-14 04:06:35","2022-10-14 04:06:35"
77,"Kingdom of Bahrain",‏البحرين,Bahrain,BH,BHR,Manama,Asia,15,"["UTC+03:00"]",26,50.55,"["973"]",[],"2022-10-14 04:06:36","2022-10-14 04:06:36"
78,"Kingdom of Belgium",België,Belgium,BE,BEL,Brussels,Europe,17,"["UTC+01:00"]",50.83333333,4,"["32"]","[50, 43, 54, 90]","2022-10-14 04:06:36","2022-10-14 04:07:57"
79,"Kingdom of Bhutan",ʼbrug-yul,Bhutan,BT,BTN,Thimphu,Asia,2,"["UTC+06:00"]",27.5,90.5,"["975"]","[108, 149]","2022-10-14 04:06:37","2022-10-14 04:07:57"
80,"Kingdom of Cambodia",Kâmpŭchéa,Cambodia,KH,KHM,"Phnom Penh",Asia,24,"["UTC+07:00"]",13,105,"["855"]","[93, 89, 215]","2022-10-14 04:06:37","2022-10-14 04:07:57"
81,"Kingdom of Denmark",Danmark,Denmark,DK,DNK,Copenhagen,Europe,4,"["UTC-04:00", "UTC-03:00", "UTC-01:00", "UTC", "UTC+01:00"]",56,10,"["45"]",[43],"2022-10-14 04:06:38","2022-10-14 04:07:57"
82,"Kingdom of Eswatini",Swaziland,Eswatini,SZ,SWZ,Mbabane,Africa,22,"["UTC+02:00"]",-26.5,31.5,"["268"]","[166, 185]","2022-10-14 04:06:38","2022-10-14 04:07:57"
83,"Kingdom of Lesotho",Lesotho,Lesotho,LS,LSO,Maseru,Africa,22,"["UTC+02:00"]",-29.5,28.5,"["266"]",[185],"2022-10-14 04:06:39","2022-10-14 04:07:57"
84,"Kingdom of Morocco",المغرب,Morocco,MA,MAR,Rabat,Africa,7,"["UTC"]",32,-5,"["212"]","[106, 207, 87]","2022-10-14 04:06:39","2022-10-14 04:07:57"
85,"Kingdom of Norway",Norge,Norway,NO,NOR,Oslo,Europe,4,"["UTC+01:00"]",62,10,"["47"]","[142, 88, 205]","2022-10-14 04:06:40","2022-10-14 04:07:57"
86,"Kingdom of Saudi Arabia","العربية السعودية","Saudi Arabia",SA,SAU,Riyadh,Asia,15,"["UTC+03:00"]",25,45,"["966"]","[151, 60, 220, 224, 223, 241, 201]","2022-10-14 04:06:40","2022-10-14 04:07:57"
87,"Kingdom of Spain",España,Spain,ES,ESP,Madrid,Europe,5,"["UTC", "UTC+01:00"]",40,-4,"["34"]","[112, 50, 53, 111, 84]","2022-10-14 04:06:41","2022-10-14 04:07:57"
88,"Kingdom of Sweden",Sverige,Sweden,SE,SWE,Stockholm,Europe,4,"["UTC+01:00"]",62,15,"["46"]","[142, 85]","2022-10-14 04:06:41","2022-10-14 04:07:57"
89,"Kingdom of Thailand",ประเทศไทย,Thailand,TH,THA,Bangkok,Asia,24,"["UTC+07:00"]",15,100,"["66"]","[195, 80, 93, 96]","2022-10-14 04:06:42","2022-10-14 04:07:57"
90,"Kingdom of the Netherlands",Nederland,Netherlands,NL,NLD,Amsterdam,Europe,17,"["UTC-04:00", "UTC+01:00"]",52.5,5.75,"["31"]","[78, 43]","2022-10-14 04:06:42","2022-10-14 04:07:57"
91,"Kingdom of Tonga",Tonga,Tonga,TO,TON,Nuku'alofa,Oceania,9,"["UTC+13:00"]",-20,-175,"["676"]",[],"2022-10-14 04:06:43","2022-10-14 04:06:43"
92,"Kyrgyz Republic",Кыргызстан,Kyrgyzstan,KG,KGZ,Bishkek,Asia,28,"["UTC+06:00"]",41,75,"["996"]","[108, 153, 188, 199]","2022-10-14 04:06:43","2022-10-14 04:07:57"
93,"Lao People's Democratic Republic",ສປປລາວ,Laos,LA,LAO,Vientiane,Asia,24,"["UTC+07:00"]",18,105,"["856"]","[195, 80, 108, 89, 215]","2022-10-14 04:06:43","2022-10-14 04:07:57"
94,"Lebanese Republic",لبنان,Lebanon,LB,LBN,Beirut,Asia,15,"["UTC+02:00"]",33.83333333,35.83333333,"["961"]","[219, 227]","2022-10-14 04:06:44","2022-10-14 04:07:57"
95,"Macao Special Administrative Region of the People's Republic of China",澳門,Macau,MO,MAC,NULL,Asia,25,"["UTC+08:00"]",22.16666666,113.55,"["853"]",[108],"2022-10-14 04:06:44","2022-10-14 04:07:57"
96,Malaysia,Malaysia,Malaysia,MY,MYS,"Kuala Lumpur",Asia,24,"["UTC+08:00"]",2.5,112.5,"["60"]","[101, 150, 89]","2022-10-14 04:06:45","2022-10-14 04:07:57"
97,Martinique,Martinique,Martinique,MQ,MTQ,Fort-de-France,"North America",12,"["UTC-04:00"]",14.666667,-61,"["596"]",[],"2022-10-14 04:06:45","2022-10-14 04:06:45"
98,Mongolia,"Монгол улс",Mongolia,MN,MNG,"Ulan Bator",Asia,25,"["UTC+07:00", "UTC+08:00"]",46,105,"["976"]","[108, 205]","2022-10-14 04:06:45","2022-10-14 04:07:57"
99,Montenegro,"Црна Гора",Montenegro,ME,MNE,Podgorica,Europe,30,"["UTC+01:00"]",42.5,19.3,"["382"]","[115, 15, 132, 156, 180]","2022-10-14 04:06:46","2022-10-14 04:07:57"
100,Montserrat,Montserrat,Montserrat,MS,MSR,Plymouth,"North America",12,"["UTC-04:00"]",16.75,-62.2,"["1664"]",[],"2022-10-14 04:06:46","2022-10-14 04:06:46"
101,"Nation of Brunei, Abode of Peace","Negara Brunei Darussalam",Brunei,BN,BRN,"Bandar Seri Begawan",Asia,24,"["UTC+08:00"]",4.5,114.66666666,"["673"]",[96],"2022-10-14 04:06:46","2022-10-14 04:07:57"
102,"New Caledonia",Nouvelle-Calédonie,"New Caledonia",NC,NCL,Nouméa,Oceania,26,"["UTC+11:00"]",-21.5,165.5,"["687"]",[],"2022-10-14 04:06:46","2022-10-14 04:06:46"
103,"New Zealand","New Zealand","New Zealand",NZ,NZL,Wellington,Oceania,16,"["UTC-11:00", "UTC-10:00", "UTC+12:00", "UTC+12:45", "UTC+13:00"]",-41,174,"["64"]",[],"2022-10-14 04:06:47","2022-10-14 04:06:47"
104,Niue,Niuē,Niue,NU,NIU,Alofi,Oceania,9,"["UTC-11:00"]",-19.03333333,-169.86666666,"["683"]",[],"2022-10-14 04:06:47","2022-10-14 04:06:47"
105,"Oriental Republic of Uruguay",Uruguay,Uruguay,UY,URY,Montevideo,"South America",14,"["UTC-03:00"]",-33,-56,"["598"]","[6, 48]","2022-10-14 04:06:47","2022-10-14 04:07:57"
106,"People's Democratic Republic of Algeria",الجزائر,Algeria,DZ,DZA,Algiers,Africa,7,"["UTC+01:00"]",28,3,"["213"]","[235, 221, 170, 207, 71, 162, 84]","2022-10-14 04:06:48","2022-10-14 04:07:57"
107,"People's Republic of Bangladesh",Bangladesh,Bangladesh,BD,BGD,Dhaka,Asia,2,"["UTC+06:00"]",24,90,"["880"]","[195, 149]","2022-10-14 04:06:48","2022-10-14 04:07:57"
108,"People's Republic of China",中国,China,CN,CHN,Beijing,Asia,25,"["UTC+08:00"]",35,105,"["86"]","[69, 79, 195, 63, 149, 153, 42, 32, 92, 93, 95, 98, 72, 205, 188, 215]","2022-10-14 04:06:48","2022-10-14 04:07:57"
109,"Pitcairn Group of Islands","Pitcairn Islands","Pitcairn Islands",PN,PCN,Adamstown,Oceania,9,"["UTC-08:00"]",-25.06666666,-130.1,"["64"]",[],"2022-10-14 04:06:49","2022-10-14 04:06:49"
110,"Plurinational State of Bolivia",Bolivia,Bolivia,BO,BOL,Sucre,"South America",14,"["UTC-04:00"]",-17,-65,"["591"]","[6, 48, 128, 174, 175]","2022-10-14 04:06:49","2022-10-14 04:07:57"
111,"Portuguese Republic",Portugal,Portugal,PT,PRT,Lisbon,Europe,5,"["UTC-01:00", "UTC"]",39.5,-8,"["351"]",[87],"2022-10-14 04:06:50","2022-10-14 04:07:57"
112,"Principality of Andorra",Andorra,Andorra,AD,AND,"Andorra la Vella",Europe,5,"["UTC+01:00"]",42.5,1.5,"["376"]","[50, 87]","2022-10-14 04:06:50","2022-10-14 04:07:57"
113,"Principality of Liechtenstein",Liechtenstein,Liechtenstein,LI,LIE,Vaduz,Europe,17,"["UTC+01:00"]",47.26666666,9.53333333,"["423"]","[118, 226]","2022-10-14 04:06:51","2022-10-14 04:07:57"
114,"Principality of Monaco",Monaco,Monaco,MC,MCO,Monaco,Europe,17,"["UTC+01:00"]",43.73333333,7.4,"["377"]",[50],"2022-10-14 04:06:51","2022-10-14 04:07:57"
115,"Republic of Albania",Shqipëria,Albania,AL,ALB,Tirana,Europe,30,"["UTC+01:00"]",41,20,"["355"]","[99, 62, 171, 156]","2022-10-14 04:06:52","2022-10-14 04:07:57"
116,"Republic of Angola",Angola,Angola,AO,AGO,Luanda,Africa,10,"["UTC+01:00"]",-12.5,18.5,"["244"]","[189, 34, 202, 167]","2022-10-14 04:06:52","2022-10-14 04:07:57"
117,"Republic of Armenia",Հայաստան,Armenia,AM,ARM,Yerevan,Asia,15,"["UTC+04:00"]",40,45,"["374"]","[119, 52, 70, 197]","2022-10-14 04:06:52","2022-10-14 04:07:57"
118,"Republic of Austria",Österreich,Austria,AT,AUT,Vienna,Europe,31,"["UTC+01:00"]",47.33333333,13.33333333,"["43"]","[31, 43, 64, 74, 113, 214, 184, 226]","2022-10-14 04:06:53","2022-10-14 04:07:57"
119,"Republic of Azerbaijan",Azərbaycan,Azerbaijan,AZ,AZE,Baku,Asia,15,"["UTC+04:00"]",40.5,47.5,"["994"]","[117, 52, 70, 205, 197]","2022-10-14 04:06:54","2022-10-14 04:07:57"
120,"Republic of Belarus",Белару́сь,Belarus,BY,BLR,Minsk,Europe,18,"["UTC+03:00"]",53,28,"["375"]","[157, 159, 176, 205, 239]","2022-10-14 04:06:54","2022-10-14 04:07:57"
121,"Republic of Benin",Bénin,Benin,BJ,BEN,Porto-Novo,Africa,20,"["UTC+01:00"]",9.5,2.25,"["229"]","[18, 170, 44, 233]","2022-10-14 04:06:55","2022-10-14 04:07:57"
122,"Republic of Botswana",Botswana,Botswana,BW,BWA,Gaborone,Africa,22,"["UTC+02:00"]",-22,24,"["267"]","[167, 185, 202, 203]","2022-10-14 04:06:55","2022-10-14 04:07:57"
123,"Republic of Bulgaria",България,Bulgaria,BG,BGR,Sofia,Europe,30,"["UTC+02:00"]",43,25,"["359"]","[62, 171, 204, 180, 197]","2022-10-14 04:06:56","2022-10-14 04:07:57"
124,"Republic of Burundi",Burundi,Burundi,BI,BDI,Gitega,Africa,23,"["UTC+02:00"]",-3.5,30,"["257"]","[34, 177, 244]","2022-10-14 04:06:56","2022-10-14 04:07:58"
125,"Republic of Cabo Verde","Cabo Verde","Cape Verde",CV,CPV,Praia,Africa,20,"["UTC-01:00"]",16,-24,"["238"]",[],"2022-10-14 04:06:56","2022-10-14 04:06:56"
126,"Republic of Cameroon",Cameroon,Cameroon,CM,CMR,Yaoundé,Africa,10,"["UTC+01:00"]",6,12,"["237"]","[21, 127, 189, 139, 51, 44]","2022-10-14 04:06:57","2022-10-14 04:07:58"
127,"Republic of Chad",Tchad,Chad,TD,TCD,N'Djamena,Africa,10,"["UTC+01:00"]",15,19,"["235"]","[126, 21, 221, 170, 44, 194]","2022-10-14 04:06:57","2022-10-14 04:07:58"
128,"Republic of Chile",Chile,Chile,CL,CHL,Santiago,"South America",14,"["UTC-06:00", "UTC-04:00"]",-30,-71,"["56"]","[6, 110, 175]","2022-10-14 04:06:58","2022-10-14 04:07:58"
129,"Republic of China (Taiwan)",臺灣,Taiwan,TW,TWN,Taipei,Asia,25,"["UTC+08:00"]",23.5,121,"["886"]",[],"2022-10-14 04:06:58","2022-10-14 04:06:58"
130,"Republic of Colombia",Colombia,Colombia,CO,COL,Bogotá,"South America",14,"["UTC-05:00"]",4,-72,"["57"]","[48, 137, 173, 175, 13]","2022-10-14 04:06:59","2022-10-14 04:07:58"
131,"Republic of Costa Rica","Costa Rica","Costa Rica",CR,CRI,"San José","North America",19,"["UTC-06:00"]",10,-84,"["506"]","[169, 173]","2022-10-14 04:06:59","2022-10-14 04:07:58"
132,"Republic of Croatia",Hrvatska,Croatia,HR,HRV,Zagreb,Europe,30,"["UTC+01:00"]",45.16666666,15.5,"["385"]","[15, 64, 99, 180, 184]","2022-10-14 04:06:59","2022-10-14 04:07:58"
133,"Republic of Cuba",Cuba,Cuba,CU,CUB,Havana,"North America",12,"["UTC-05:00"]",21.5,-80,"["53"]",[],"2022-10-14 04:07:00","2022-10-14 04:07:00"
134,"Republic of Cyprus",Κύπρος,Cyprus,CY,CYP,Nicosia,Europe,5,"["UTC+02:00"]",35,33,"["357"]",[],"2022-10-14 04:07:00","2022-10-14 04:07:00"
135,"Republic of Côte d'Ivoire","Côte d'Ivoire","Ivory Coast",CI,CIV,Yamoussoukro,Africa,20,"["UTC"]",8,-5,"["225"]","[18, 143, 145, 158, 162]","2022-10-14 04:07:01","2022-10-14 04:07:58"
136,"Republic of Djibouti",Djibouti,Djibouti,DJ,DJI,Djibouti,Africa,23,"["UTC+03:00"]",11.5,43,"["253"]","[218, 41, 45]","2022-10-14 04:07:01","2022-10-14 04:07:58"
137,"Republic of Ecuador",Ecuador,Ecuador,EC,ECU,Quito,"South America",14,"["UTC-06:00", "UTC-05:00"]",-2,-77.5,"["593"]","[130, 175]","2022-10-14 04:07:02","2022-10-14 04:07:58"
138,"Republic of El Salvador","El Salvador","El Salvador",SV,SLV,"San Salvador","North America",19,"["UTC-06:00"]",13.83333333,-88.91666666,"["503"]","[144, 148]","2022-10-14 04:07:02","2022-10-14 04:07:58"
139,"Republic of Equatorial Guinea","Guinea Ecuatorial","Equatorial Guinea",GQ,GNQ,Malabo,Africa,10,"["UTC+01:00"]",2,10,"["240"]","[126, 51]","2022-10-14 04:07:03","2022-10-14 04:07:58"
140,"Republic of Estonia",Eesti,Estonia,EE,EST,Tallinn,Europe,4,"["UTC+02:00"]",59,26,"["372"]","[157, 205]","2022-10-14 04:07:03","2022-10-14 04:07:58"
141,"Republic of Fiji",Fiji,Fiji,FJ,FJI,Suva,Oceania,26,"["UTC+12:00"]",-18,175,"["679"]",[],"2022-10-14 04:07:04","2022-10-14 04:07:04"
142,"Republic of Finland",Suomi,Finland,FI,FIN,Helsinki,Europe,4,"["UTC+02:00"]",64,26,"["358"]","[85, 88, 205]","2022-10-14 04:07:04","2022-10-14 04:07:58"
143,"Republic of Ghana",Ghana,Ghana,GH,GHA,Accra,Africa,20,"["UTC"]",8,-2,"["233"]","[18, 135, 233]","2022-10-14 04:07:05","2022-10-14 04:07:58"
144,"Republic of Guatemala",Guatemala,Guatemala,GT,GTM,"Guatemala City","North America",19,"["UTC-06:00"]",15.5,-90.25,"["502"]","[11, 138, 148, 243]","2022-10-14 04:07:05","2022-10-14 04:07:58"
145,"Republic of Guinea",Guinée,Guinea,GN,GIN,Conakry,Africa,20,"["UTC"]",11,-10,"["224"]","[135, 146, 158, 162, 179, 182]","2022-10-14 04:07:05","2022-10-14 04:07:58"
146,"Republic of Guinea-Bissau",Guiné-Bissau,Guinea-Bissau,GW,GNB,Bissau,Africa,20,"["UTC"]",12,-15,"["245"]","[145, 179]","2022-10-14 04:07:06","2022-10-14 04:07:58"
147,"Republic of Haiti",Haïti,Haiti,HT,HTI,Port-au-Prince,"North America",12,"["UTC-05:00"]",19,-72.41666666,"["509"]",[38],"2022-10-14 04:07:06","2022-10-14 04:07:58"
148,"Republic of Honduras",Honduras,Honduras,HN,HND,Tegucigalpa,"North America",19,"["UTC-06:00"]",15,-86.5,"["504"]","[144, 138, 169]","2022-10-14 04:07:06","2022-10-14 04:07:58"
149,"Republic of India",भारत,India,IN,IND,"New Delhi",Asia,2,"["UTC+05:30"]",20,77,"["91"]","[107, 79, 195, 108, 42, 72]","2022-10-14 04:07:07","2022-10-14 04:07:58"
150,"Republic of Indonesia",Indonesia,Indonesia,ID,IDN,Jakarta,Asia,24,"["UTC+07:00", "UTC+08:00", "UTC+09:00"]",-5,120,"["62"]","[35, 96, 67]","2022-10-14 04:07:07","2022-10-14 04:07:58"
151,"Republic of Iraq",العراق,Iraq,IQ,IRQ,Baghdad,Asia,15,"["UTC+03:00"]",33,44,"["964"]","[70, 60, 220, 86, 227, 197]","2022-10-14 04:07:08","2022-10-14 04:07:58"
152,"Republic of Ireland",Éire,Ireland,IE,IRL,Dublin,Europe,4,"["UTC"]",53,-8,"["353"]",[242],"2022-10-14 04:07:08","2022-10-14 04:07:58"
153,"Republic of Kazakhstan",Қазақстан,Kazakhstan,KZ,KAZ,Nur-Sultan,Asia,28,"["UTC+05:00", "UTC+06:00"]",48,68,"["76", "77"]","[108, 92, 205, 236, 199]","2022-10-14 04:07:09","2022-10-14 04:07:58"
154,"Republic of Kenya",Kenya,Kenya,KE,KEN,Nairobi,Africa,23,"["UTC+03:00"]",1,38,"["254"]","[41, 45, 186, 244, 198]","2022-10-14 04:07:09","2022-10-14 04:07:58"
155,"Republic of Korea",대한민국,"South Korea",KR,KOR,Seoul,Asia,25,"["UTC+09:00"]",37,127.5,"["82"]",[32],"2022-10-14 04:07:10","2022-10-14 04:07:58"
156,"Republic of Kosovo","Republika e Kosovës",Kosovo,XK,UNK,Pristina,Europe,30,"["UTC+01:00"]",42.666667,21.166667,"["383"]","[115, 171, 99, 180]","2022-10-14 04:07:10","2022-10-14 04:07:58"
157,"Republic of Latvia",Latvija,Latvia,LV,LVA,Riga,Europe,4,"["UTC+02:00"]",57,25,"["371"]","[120, 140, 159, 205]","2022-10-14 04:07:11","2022-10-14 04:07:58"
158,"Republic of Liberia",Liberia,Liberia,LR,LBR,Monrovia,Africa,20,"["UTC"]",6.5,-9.5,"["231"]","[145, 135, 182]","2022-10-14 04:07:12","2022-10-14 04:07:58"
159,"Republic of Lithuania",Lietuva,Lithuania,LT,LTU,Vilnius,Europe,4,"["UTC+02:00"]",56,24,"["370"]","[120, 157, 176, 205]","2022-10-14 04:07:12","2022-10-14 04:07:58"
160,"Republic of Madagascar",Madagasikara,Madagascar,MG,MDG,Antananarivo,Africa,23,"["UTC+03:00"]",-20,47,"["261"]",[],"2022-10-14 04:07:13","2022-10-14 04:07:13"
161,"Republic of Malawi",Malawi,Malawi,MW,MWI,Lilongwe,Africa,23,"["UTC+02:00"]",-13.5,34,"["265"]","[166, 244, 202]","2022-10-14 04:07:13","2022-10-14 04:07:58"
162,"Republic of Mali",Mali,Mali,ML,MLI,Bamako,Africa,20,"["UTC"]",17,-4,"["223"]","[106, 18, 145, 135, 71, 170, 179]","2022-10-14 04:07:14","2022-10-14 04:07:58"
163,"Republic of Malta",Malta,Malta,MT,MLT,Valletta,Europe,5,"["UTC+01:00"]",35.83333333,14.58333333,"["356"]",[],"2022-10-14 04:07:14","2022-10-14 04:07:14"
164,"Republic of Mauritius",Maurice,Mauritius,MU,MUS,"Port Louis",Africa,23,"["UTC+04:00"]",-20.28333333,57.55,"["230"]",[],"2022-10-14 04:07:14","2022-10-14 04:07:14"
165,"Republic of Moldova",Moldova,Moldova,MD,MDA,Chișinău,Europe,18,"["UTC+02:00"]",47,29,"["373"]","[204, 239]","2022-10-14 04:07:15","2022-10-14 04:07:58"
166,"Republic of Mozambique",Moçambique,Mozambique,MZ,MOZ,Maputo,Africa,23,"["UTC+02:00"]",-18.25,35,"["258"]","[161, 185, 82, 244, 202, 203]","2022-10-14 04:07:15","2022-10-14 04:07:58"
167,"Republic of Namibia",Namibia,Namibia,NA,NAM,Windhoek,Africa,22,"["UTC+01:00"]",-22,17,"["264"]","[116, 122, 185, 202]","2022-10-14 04:07:16","2022-10-14 04:07:58"
168,"Republic of Nauru",Nauru,Nauru,NR,NRU,Yaren,Oceania,27,"["UTC+12:00"]",-0.53333333,166.91666666,"["674"]",[],"2022-10-14 04:07:16","2022-10-14 04:07:16"
169,"Republic of Nicaragua",Nicaragua,Nicaragua,NI,NIC,Managua,"North America",19,"["UTC-06:00"]",13,-85,"["505"]","[131, 148]","2022-10-14 04:07:17","2022-10-14 04:07:58"
170,"Republic of Niger",Niger,Niger,NE,NER,Niamey,Africa,20,"["UTC+01:00"]",16,8,"["227"]","[106, 121, 18, 127, 221, 162, 44]","2022-10-14 04:07:17","2022-10-14 04:07:58"
171,"Republic of North Macedonia",Македонија,"North Macedonia",MK,MKD,Skopje,Europe,30,"["UTC+01:00"]",41.83333333,22,"["389"]","[115, 123, 62, 156, 180]","2022-10-14 04:07:18","2022-10-14 04:07:58"
172,"Republic of Palau",Palau,Palau,PW,PLW,Ngerulmud,Oceania,27,"["UTC+09:00"]",7.5,134.5,"["680"]",[],"2022-10-14 04:07:18","2022-10-14 04:07:18"
173,"Republic of Panama",Panamá,Panama,PA,PAN,"Panama City","North America",19,"["UTC-05:00"]",9,-80,"["507"]","[130, 131]","2022-10-14 04:07:19","2022-10-14 04:07:58"
174,"Republic of Paraguay",Paraguay,Paraguay,PY,PRY,Asunción,"South America",14,"["UTC-04:00"]",-23,-58,"["595"]","[6, 110, 48]","2022-10-14 04:07:19","2022-10-14 04:07:58"
175,"Republic of Peru",Perú,Peru,PE,PER,Lima,"South America",14,"["UTC-05:00"]",-10,-76,"["51"]","[110, 48, 128, 130, 137]","2022-10-14 04:07:19","2022-10-14 04:07:58"
176,"Republic of Poland",Polska,Poland,PL,POL,Warsaw,Europe,31,"["UTC+01:00"]",52,20,"["48"]","[120, 31, 43, 159, 205, 214, 239]","2022-10-14 04:07:20","2022-10-14 04:07:58"
177,"Republic of Rwanda",Rwanda,Rwanda,RW,RWA,Kigali,Africa,23,"["UTC+02:00"]",-2,30,"["250"]","[124, 34, 244, 198]","2022-10-14 04:07:20","2022-10-14 04:07:58"
178,"Republic of San Marino","San Marino","San Marino",SM,SMR,"City of San Marino",Europe,5,"["UTC+01:00"]",43.76666666,12.41666666,"["378"]",[74],"2022-10-14 04:07:21","2022-10-14 04:07:58"
179,"Republic of Senegal",Sénégal,Senegal,SN,SEN,Dakar,Africa,20,"["UTC"]",14,-14,"["221"]","[190, 145, 146, 162, 71]","2022-10-14 04:07:21","2022-10-14 04:07:58"
180,"Republic of Serbia",Србија,Serbia,RS,SRB,Belgrade,Europe,30,"["UTC+01:00"]",44,21,"["381"]","[15, 123, 132, 64, 156, 171, 99, 204]","2022-10-14 04:07:22","2022-10-14 04:07:58"
181,"Republic of Seychelles",Seychelles,Seychelles,SC,SYC,Victoria,Africa,23,"["UTC+04:00"]",-4.58333333,55.66666666,"["248"]",[],"2022-10-14 04:07:22","2022-10-14 04:07:22"
182,"Republic of Sierra Leone","Sierra Leone","Sierra Leone",SL,SLE,Freetown,Africa,20,"["UTC"]",8.5,-11.5,"["232"]","[145, 158]","2022-10-14 04:07:23","2022-10-14 04:07:58"
183,"Republic of Singapore",Singapore,Singapore,SG,SGP,Singapore,Asia,24,"["UTC+08:00"]",1.36666666,103.8,"["65"]",[],"2022-10-14 04:07:23","2022-10-14 04:07:23"
184,"Republic of Slovenia",Slovenija,Slovenia,SI,SVN,Ljubljana,Europe,31,"["UTC+01:00"]",46.11666666,14.81666666,"["386"]","[118, 132, 74, 64]","2022-10-14 04:07:24","2022-10-14 04:07:58"
185,"Republic of South Africa","South Africa","South Africa",ZA,ZAF,"Pretoria,Bloemfontein,Cape Town",Africa,22,"["UTC+02:00"]",-29,24,"["27"]","[122, 83, 166, 167, 82, 203]","2022-10-14 04:07:24","2022-10-14 04:07:58"
186,"Republic of South Sudan","South Sudan","South Sudan",SS,SSD,Juba,Africa,10,"["UTC+03:00"]",7,30,"["211"]","[21, 34, 41, 154, 194, 198]","2022-10-14 04:07:25","2022-10-14 04:07:58"
187,"Republic of Suriname",Suriname,Suriname,SR,SUR,Paramaribo,"South America",14,"["UTC-03:00"]",4,-56,"["597"]","[48, 59, 22]","2022-10-14 04:07:25","2022-10-14 04:07:58"
188,"Republic of Tajikistan",Тоҷикистон,Tajikistan,TJ,TJK,Dushanbe,Asia,28,"["UTC+05:00"]",39,71,"["992"]","[69, 108, 92, 199]","2022-10-14 04:07:26","2022-10-14 04:07:58"
189,"Republic of the Congo","République du Congo","Republic of the Congo",CG,COG,Brazzaville,Africa,10,"["UTC+01:00"]",-1,15,"["242"]","[116, 126, 21, 34, 51]","2022-10-14 04:07:26","2022-10-14 04:07:58"
190,"Republic of the Gambia",Gambia,Gambia,GM,GMB,Banjul,Africa,20,"["UTC+00:00"]",13.46666666,-16.56666666,"["220"]",[179],"2022-10-14 04:07:27","2022-10-14 04:07:58"
191,"Republic of the Maldives",Maldives,Maldives,MV,MDV,Malé,Asia,2,"["UTC+05:00"]",3.25,73,"["960"]",[],"2022-10-14 04:07:27","2022-10-14 04:07:27"
192,"Republic of the Marshall Islands",M̧ajeļ,"Marshall Islands",MH,MHL,Majuro,Oceania,27,"["UTC+12:00"]",9,168,"["692"]",[],"2022-10-14 04:07:28","2022-10-14 04:07:28"
193,"Republic of the Philippines",Pilipinas,Philippines,PH,PHL,Manila,Asia,24,"["UTC+08:00"]",13,122,"["63"]",[],"2022-10-14 04:07:28","2022-10-14 04:07:28"
194,"Republic of the Sudan",السودان,Sudan,SD,SDN,Khartoum,Africa,7,"["UTC+03:00"]",15,30,"["249"]","[21, 127, 5, 218, 41, 221, 186]","2022-10-14 04:07:29","2022-10-14 04:07:58"
195,"Republic of the Union of Myanmar",Myanma,Myanmar,MM,MMR,Naypyidaw,Asia,24,"["UTC+06:30"]",22,98,"["95"]","[107, 108, 149, 93, 89]","2022-10-14 04:07:30","2022-10-14 04:07:58"
196,"Republic of Trinidad and Tobago","Trinidad and Tobago","Trinidad and Tobago",TT,TTO,"Port of Spain","North America",12,"["UTC-04:00"]",11,-61,"["1868"]",[],"2022-10-14 04:07:30","2022-10-14 04:07:30"
197,"Republic of Turkey",Türkiye,Turkey,TR,TUR,Ankara,Asia,15,"["UTC+03:00"]",39,35,"["90"]","[117, 119, 123, 52, 62, 70, 151, 227]","2022-10-14 04:07:31","2022-10-14 04:07:58"
198,"Republic of Uganda",Uganda,Uganda,UG,UGA,Kampala,Africa,23,"["UTC+03:00"]",1,32,"["256"]","[34, 154, 177, 186, 244]","2022-10-14 04:07:31","2022-10-14 04:07:58"
199,"Republic of Uzbekistan",O‘zbekiston,Uzbekistan,UZ,UZB,Tashkent,Asia,28,"["UTC+05:00"]",41,64,"["998"]","[69, 153, 92, 188, 236]","2022-10-14 04:07:32","2022-10-14 04:07:58"
200,"Republic of Vanuatu",Vanuatu,Vanuatu,VU,VUT,"Port Vila",Oceania,26,"["UTC+11:00"]",-16,167,"["678"]",[],"2022-10-14 04:07:33","2022-10-14 04:07:33"
201,"Republic of Yemen",اليَمَن,Yemen,YE,YEM,Sana'a,Asia,15,"["UTC+03:00"]",15,48,"["967"]","[224, 86]","2022-10-14 04:07:33","2022-10-14 04:07:58"
202,"Republic of Zambia",Zambia,Zambia,ZM,ZMB,Lusaka,Africa,23,"["UTC+02:00"]",-15,30,"["260"]","[116, 122, 34, 161, 166, 167, 244, 203]","2022-10-14 04:07:34","2022-10-14 04:07:58"
203,"Republic of Zimbabwe",Zimbabwe,Zimbabwe,ZW,ZWE,Harare,Africa,22,"["UTC+02:00"]",-20,30,"["263"]","[122, 166, 185, 202]","2022-10-14 04:07:34","2022-10-14 04:07:58"
204,Romania,România,Romania,RO,ROU,Bucharest,Europe,30,"["UTC+02:00"]",46,25,"["40"]","[123, 64, 165, 180, 239]","2022-10-14 04:07:35","2022-10-14 04:07:58"
205,"Russian Federation",Россия,Russia,RU,RUS,Moscow,Europe,18,"["UTC+03:00", "UTC+04:00", "UTC+06:00", "UTC+07:00", "UTC+08:00", "UTC+09:00", "UTC+10:00", "UTC+11:00", "UTC+12:00"]",60,100,"["7"]","[119, 120, 108, 140, 142, 52, 153, 32, 157, 159, 98, 85, 176, 239]","2022-10-14 04:07:35","2022-10-14 04:07:58"
206,"Réunion Island","La Réunion",Réunion,RE,REU,Saint-Denis,Africa,23,"["UTC+04:00"]",-21.15,55.5,"["262"]",[],"2022-10-14 04:07:35","2022-10-14 04:07:35"
207,"Sahrawi Arab Democratic Republic","الصحراء الغربية","Western Sahara",EH,ESH,"El Aaiún",Africa,7,"["UTC+00:00"]",24.5,-13,"["212"]","[106, 71, 84]","2022-10-14 04:07:36","2022-10-14 04:07:58"
208,"Saint Helena, Ascension and Tristan da Cunha","Saint Helena","Saint Helena, Ascension and Tristan da Cunha",SH,SHN,Jamestown,Africa,20,"["UTC+00:00"]",-15.95,-5.72,"["290"]",[],"2022-10-14 04:07:36","2022-10-14 04:07:36"
209,"Saint Lucia","Saint Lucia","Saint Lucia",LC,LCA,Castries,"North America",12,"["UTC-04:00"]",13.88333333,-60.96666666,"["1758"]",[],"2022-10-14 04:07:37","2022-10-14 04:07:37"
210,"Saint Martin",Saint-Martin,"Saint Martin",MF,MAF,Marigot,"North America",12,"["UTC-04:00"]",18.08333333,-63.95,"["590"]",[213],"2022-10-14 04:07:37","2022-10-14 04:07:58"
211,"Saint Pierre and Miquelon",Saint-Pierre-et-Miquelon,"Saint Pierre and Miquelon",PM,SPM,Saint-Pierre,"North America",33,"["UTC-03:00"]",46.83333333,-56.33333333,"["508"]",[],"2022-10-14 04:07:37","2022-10-14 04:07:37"
212,"Saint Vincent and the Grenadines","Saint Vincent and the Grenadines","Saint Vincent and the Grenadines",VC,VCT,Kingstown,"North America",12,"["UTC-04:00"]",13.25,-61.2,"["1784"]",[],"2022-10-14 04:07:38","2022-10-14 04:07:38"
213,"Sint Maarten","Sint Maarten","Sint Maarten",SX,SXM,Philipsburg,"North America",12,"["UTC-04:00"]",18.033333,-63.05,"["1721"]",[210],"2022-10-14 04:07:38","2022-10-14 04:07:58"
214,"Slovak Republic",Slovensko,Slovakia,SK,SVK,Bratislava,Europe,31,"["UTC+01:00"]",48.66666666,19.5,"["421"]","[118, 31, 64, 176, 239]","2022-10-14 04:07:39","2022-10-14 04:07:58"
215,"Socialist Republic of Vietnam","Việt Nam",Vietnam,VN,VNM,Hanoi,Asia,24,"["UTC+07:00"]",16.16666666,107.83333333,"["84"]","[80, 108, 93]","2022-10-14 04:07:39","2022-10-14 04:07:58"
216,"Solomon Islands","Solomon Islands","Solomon Islands",SB,SLB,Honiara,Oceania,26,"["UTC+11:00"]",-8,159,"["677"]",[],"2022-10-14 04:07:40","2022-10-14 04:07:40"
217,"South Georgia and the South Sandwich Islands","South Georgia","South Georgia",GS,SGS,"King Edward Point",Antarctica,32,"["UTC-02:00"]",-54.5,-37,"["500"]",[],"2022-10-14 04:07:40","2022-10-14 04:07:40"
218,"State of Eritrea",ኤርትራ,Eritrea,ER,ERI,Asmara,Africa,23,"["UTC+03:00"]",15,39,"["291"]","[136, 41, 194]","2022-10-14 04:07:40","2022-10-14 04:07:58"
219,"State of Israel",יִשְׂרָאֵל,Israel,IL,ISR,Jerusalem,Asia,15,"["UTC+02:00"]",31.47,35.13,"["972"]","[5, 60, 94, 222, 227]","2022-10-14 04:07:41","2022-10-14 04:07:58"
220,"State of Kuwait",الكويت,Kuwait,KW,KWT,"Kuwait City",Asia,15,"["UTC+03:00"]",29.5,45.75,"["965"]","[151, 86]","2022-10-14 04:07:41","2022-10-14 04:07:58"
221,"State of Libya",‏ليبيا,Libya,LY,LBY,Tripoli,Africa,7,"["UTC+01:00"]",25,17,"["218"]","[106, 127, 5, 170, 194, 235]","2022-10-14 04:07:42","2022-10-14 04:07:58"
222,"State of Palestine",فلسطين,Palestine,PS,PSE,Ramallah,Asia,15,"["UTC+02:00"]",31.9,35.2,"["970"]","[219, 5, 60]","2022-10-14 04:07:42","2022-10-14 04:07:58"
223,"State of Qatar",قطر,Qatar,QA,QAT,Doha,Asia,15,"["UTC+03:00"]",25.5,51.25,"["974"]",[86],"2022-10-14 04:07:43","2022-10-14 04:07:58"
224,"Sultanate of Oman",عمان,Oman,OM,OMN,Muscat,Asia,15,"["UTC+04:00"]",21,57,"["968"]","[86, 241, 201]","2022-10-14 04:07:43","2022-10-14 04:07:58"
225,"Svalbard og Jan Mayen","Svalbard og Jan Mayen","Svalbard and Jan Mayen",SJ,SJM,Longyearbyen,Europe,4,"["UTC+01:00"]",78,20,"["4779"]",[],"2022-10-14 04:07:44","2022-10-14 04:07:44"
226,"Swiss Confederation",Schweiz,Switzerland,CH,CHE,Bern,Europe,17,"["UTC+01:00"]",47,8,"["41"]","[118, 50, 74, 113, 43]","2022-10-14 04:07:44","2022-10-14 04:07:58"
227,"Syrian Arab Republic",سوريا,Syria,SY,SYR,Damascus,Asia,15,"["UTC+02:00"]",35,38,"["963"]","[151, 219, 60, 94, 197]","2022-10-14 04:07:45","2022-10-14 04:07:58"
228,"Territory of Christmas Island","Christmas Island","Christmas Island",CX,CXR,"Flying Fish Cove",Asia,16,"["UTC+07:00"]",-10.5,105.66666666,"["61"]",[],"2022-10-14 04:07:45","2022-10-14 04:07:45"
229,"Territory of Norfolk Island","Norfolk Island","Norfolk Island",NF,NFK,Kingston,Oceania,16,"["UTC+11:30"]",-29.03333333,167.95,"["672"]",[],"2022-10-14 04:07:46","2022-10-14 04:07:46"
230,"Territory of the Cocos (Keeling) Islands","Cocos (Keeling) Islands","Cocos (Keeling) Islands",CC,CCK,"West Island",Asia,16,"["UTC+06:30"]",-12.5,96.83333333,"["61"]",[],"2022-10-14 04:07:46","2022-10-14 04:07:46"
231,"Territory of the French Southern and Antarctic Lands","Territoire des Terres australes et antarctiques françaises","French Southern and Antarctic Lands",TF,ATF,Port-aux-Français,Antarctica,32,"["UTC+05:00"]",-49.25,69.167,"[""]",[],"2022-10-14 04:07:47","2022-10-14 04:07:47"
232,"Territory of the Wallis and Futuna Islands","Wallis et Futuna","Wallis and Futuna",WF,WLF,Mata-Utu,Oceania,9,"["UTC+12:00"]",-13.3,-176.2,"["681"]",[],"2022-10-14 04:07:48","2022-10-14 04:07:48"
233,"Togolese Republic",Togo,Togo,TG,TGO,Lomé,Africa,20,"["UTC"]",8,1.16666666,"["228"]","[121, 18, 143]","2022-10-14 04:07:48","2022-10-14 04:07:58"
234,Tokelau,Tokelau,Tokelau,TK,TKL,Fakaofo,Oceania,9,"["UTC+13:00"]",-9,-172,"["690"]",[],"2022-10-14 04:07:49","2022-10-14 04:07:49"
235,"Tunisian Republic",تونس,Tunisia,TN,TUN,Tunis,Africa,7,"["UTC+01:00"]",34,9,"["216"]","[106, 221]","2022-10-14 04:07:49","2022-10-14 04:07:58"
236,Turkmenistan,Türkmenistan,Turkmenistan,TM,TKM,Ashgabat,Asia,28,"["UTC+05:00"]",40,60,"["993"]","[69, 70, 153, 199]","2022-10-14 04:07:50","2022-10-14 04:07:58"
237,"Turks and Caicos Islands","Turks and Caicos Islands","Turks and Caicos Islands",TC,TCA,"Cockburn Town","North America",12,"["UTC-04:00"]",21.75,-71.58333333,"["1649"]",[],"2022-10-14 04:07:50","2022-10-14 04:07:50"
238,Tuvalu,Tuvalu,Tuvalu,TV,TUV,Funafuti,Oceania,9,"["UTC+12:00"]",-8,178,"["688"]",[],"2022-10-14 04:07:50","2022-10-14 04:07:50"
239,Ukraine,Україна,Ukraine,UA,UKR,Kyiv,Europe,18,"["UTC+02:00"]",49,32,"["380"]","[120, 64, 165, 176, 204, 205, 214]","2022-10-14 04:07:51","2022-10-14 04:07:58"
240,"Union of the Comoros",Komori,Comoros,KM,COM,Moroni,Africa,23,"["UTC+03:00"]",-12.16666666,44.25,"["269"]",[],"2022-10-14 04:07:51","2022-10-14 04:07:51"
241,"United Arab Emirates","دولة الإمارات العربية المتحدة","United Arab Emirates",AE,ARE,"Abu Dhabi",Asia,15,"["UTC+04:00"]",24,54,"["971"]","[224, 86]","2022-10-14 04:07:52","2022-10-14 04:07:58"
242,"United Kingdom of Great Britain and Northern Ireland","United Kingdom","United Kingdom",GB,GBR,London,Europe,4,"["UTC-08:00", "UTC-05:00", "UTC-04:00", "UTC-03:00", "UTC-02:00", "UTC", "UTC+01:00", "UTC+02:00", "UTC+06:00"]",54,-2,"["44"]",[152],"2022-10-14 04:07:52","2022-10-14 04:07:58"
243,"United Mexican States",México,Mexico,MX,MEX,"Mexico City","North America",33,"["UTC-08:00", "UTC-07:00", "UTC-06:00"]",23,-102,"["52"]","[11, 144, 246]","2022-10-14 04:07:53","2022-10-14 04:07:58"
244,"United Republic of Tanzania",Tanzania,Tanzania,TZ,TZA,Dodoma,Africa,23,"["UTC+03:00"]",-6,35,"["255"]","[124, 34, 154, 161, 166, 177, 198, 202]","2022-10-14 04:07:53","2022-10-14 04:07:58"
245,"United States Minor Outlying Islands","United States Minor Outlying Islands","United States Minor Outlying Islands",UM,UMI,NULL,Oceania,33,"["UTC-11:00", "UTC-10:00", "UTC+12:00"]",19.3,166.633333,"[""]",[],"2022-10-14 04:07:54","2022-10-14 04:07:54"
246,"United States of America","United States","United States",US,USA,"Washington, D.C.","North America",33,"["UTC-12:00", "UTC-11:00", "UTC-10:00", "UTC-09:00", "UTC-08:00", "UTC-07:00", "UTC-06:00", "UTC-05:00", "UTC-04:00", "UTC+10:00", "UTC+12:00"]",38,-97,"["1"]","[19, 243]","2022-10-14 04:07:54","2022-10-14 04:07:58"
247,"Vatican City State","Sancta Sedes","Vatican City",VA,VAT,"Vatican City",Europe,5,"["UTC+01:00"]",41.9,12.45,"["379"]",[74],"2022-10-14 04:07:55","2022-10-14 04:07:58"
248,"Virgin Islands","British Virgin Islands","British Virgin Islands",VG,VGB,"Road Town","North America",12,"["UTC-04:00"]",18.431383,-64.62305,"["1284"]",[],"2022-10-14 04:07:55","2022-10-14 04:07:55"
249,"Virgin Islands of the United States","Virgin Islands of the United States","United States Virgin Islands",VI,VIR,"Charlotte Amalie","North America",12,"["UTC-04:00"]",18.35,-64.933333,"["1 340"]",[],"2022-10-14 04:07:56","2022-10-14 04:07:56"
250,"Åland Islands",Åland,"Åland Islands",AX,ALA,Mariehamn,Europe,4,"["UTC+02:00"]",60.116667,19.9,"["358"]",[],"2022-10-14 04:07:56","2022-10-14 04:07:56"
