id,domain,country
1,.as,AS
2,.ai,AI
3,.aq,AQ
4,.ag,AG
5,.eg,EG
6,.مصر,EG
7,.ar,AR
8,.aw,AW
9,.gg,GG
10,.je,JE
11,.bb,BB
12,.bz,BZ
13,.bm,BM
14,.ve,VE
15,.bq,BQ
16,.nl,BQ
17,.ba,BA
18,.bv,BV
19,.io,IO
20,.bf,BF
21,.ca,CA
22,.ky,KY
23,.cf,CF
24,.gy,GY
25,.bl,BL
26,.au,AU
27,.dm,DM
28,.pr,PR
29,.bs,BS
30,.mp,MP
31,.ck,CK
32,.cw,CW
33,.cz,CZ
34,.kp,KP
35,.st,ST
36,.cd,CD
37,.tl,TL
38,.lk,LK
39,.இலங்கை,LK
40,.ලංකා,LK
41,.yt,YT
42,.do,DO
43,.fk,FK
44,.fo,FO
45,.et,ET
46,.np,NP
47,.de,DE
48,.ng,NG
49,.so,SO
50,.fm,FM
51,.kn,KN
52,.br,BR
53,.pf,PF
54,.fr,FR
55,.ga,GA
56,.ge,GE
57,.gi,GI
58,.lu,LU
59,.gl,GL
60,.gd,GD
61,.gp,GP
62,.gu,GU
63,.gf,GF
64,.jo,JO
65,الاردن.,JO
66,.hm,HM
67,.aq,HM
68,.gr,GR
69,.hk,HK
70,.香港,HK
71,.hu,HU
72,.is,IS
73,.ki,KI
74,.pg,PG
75,.ws,WS
76,.af,AF
77,.ir,IR
78,ایران.,IR
79,.mr,MR
80,.pk,PK
81,.im,IM
82,.it,IT
83,.jm,JM
84,.jp,JP
85,.みんな,JP
86,.bh,BH
87,.be,BE
88,.bt,BT
89,.kh,KH
90,.dk,DK
91,.sz,SZ
92,.ls,LS
93,.ma,MA
94,المغرب.,MA
95,.no,NO
96,.sa,SA
97,.السعودية,SA
98,.es,ES
99,.se,SE
100,.th,TH
101,.ไทย,TH
102,.nl,NL
103,.to,TO
104,.kg,KG
105,.la,LA
106,.lb,LB
107,.mo,MO
108,.my,MY
109,.mq,MQ
110,.mn,MN
111,.me,ME
112,.ms,MS
113,.bn,BN
114,.nc,NC
115,.nz,NZ
116,.nu,NU
117,.uy,UY
118,.dz,DZ
119,الجزائر.,DZ
120,.bd,BD
121,.cn,CN
122,.中国,CN
123,.中國,CN
124,.公司,CN
125,.网络,CN
126,.pn,PN
127,.bo,BO
128,.pt,PT
129,.ad,AD
130,.li,LI
131,.mc,MC
132,.al,AL
133,.ao,AO
134,.am,AM
135,.at,AT
136,.az,AZ
137,.by,BY
138,.bj,BJ
139,.bw,BW
140,.bg,BG
141,.bi,BI
142,.cv,CV
143,.cm,CM
144,.td,TD
145,.cl,CL
146,.tw,TW
147,.台灣,TW
148,.台湾,TW
149,.co,CO
150,.cr,CR
151,.hr,HR
152,.cu,CU
153,.cy,CY
154,.ci,CI
155,.dj,DJ
156,.ec,EC
157,.sv,SV
158,.gq,GQ
159,.ee,EE
160,.fj,FJ
161,.fi,FI
162,.gh,GH
163,.gt,GT
164,.gn,GN
165,.gw,GW
166,.ht,HT
167,.hn,HN
168,.in,IN
169,.id,ID
170,.iq,IQ
171,.ie,IE
172,.kz,KZ
173,.қаз,KZ
174,.ke,KE
175,.kr,KR
176,.한국,KR
177,.lv,LV
178,.lr,LR
179,.lt,LT
180,.mg,MG
181,.mw,MW
182,.ml,ML
183,.mt,MT
184,.mu,MU
185,.md,MD
186,.mz,MZ
187,.na,NA
188,.nr,NR
189,.ni,NI
190,.ne,NE
191,.mk,MK
192,.pw,PW
193,.pa,PA
194,.py,PY
195,.pe,PE
196,.pl,PL
197,.rw,RW
198,.sm,SM
199,.sn,SN
200,.rs,RS
201,.срб,RS
202,.sc,SC
203,.sl,SL
204,.sg,SG
205,.新加坡,SG
206,.சிங்கப்பூர்,SG
207,.si,SI
208,.za,ZA
209,.ss,SS
210,.sr,SR
211,.tj,TJ
212,.cg,CG
213,.gm,GM
214,.mv,MV
215,.mh,MH
216,.ph,PH
217,.sd,SD
218,.mm,MM
219,.tt,TT
220,.tr,TR
221,.ug,UG
222,.uz,UZ
223,.vu,VU
224,.ye,YE
225,.zm,ZM
226,.zw,ZW
227,.ro,RO
228,.ru,RU
229,.su,RU
230,.рф,RU
231,.re,RE
232,.eh,EH
233,.sh,SH
234,.ac,SH
235,.lc,LC
236,.fr,MF
237,.gp,MF
238,.pm,PM
239,.vc,VC
240,.sx,SX
241,.sk,SK
242,.vn,VN
243,.sb,SB
244,.gs,GS
245,.er,ER
246,.il,IL
247,.kw,KW
248,.ly,LY
249,.ps,PS
250,فلسطين.,PS
251,.qa,QA
252,قطر.,QA
253,.om,OM
254,.sj,SJ
255,.ch,CH
256,.sy,SY
257,سوريا.,SY
258,.cx,CX
259,.nf,NF
260,.cc,CC
261,.tf,TF
262,.wf,WF
263,.tg,TG
264,.tk,TK
265,.tn,TN
266,.tm,TM
267,.tc,TC
268,.tv,TV
269,.ua,UA
270,.укр,UA
271,.km,KM
272,.ae,AE
273,امارات.,AE
274,.uk,GB
275,.mx,MX
276,.tz,TZ
277,.us,UM
278,.us,US
279,.va,VA
280,.vg,VG
281,.vi,VI
282,.ax,AX
