id,name,abrv,utc_offset,latitude,longitude,country_code,comments
1,Africa/Abidjan,gmt,+00:00,5.31666,-4.03333,CI,
2,Africa/Accra,gmt,+00:00,5.55,-0.21666,GH,
3,Africa/Addis_Ababa,eat,+03:00,9.03333,38.7,ET,
4,Africa/Algiers,cet,+01:00,36.78333,3.05,DZ,
5,Africa/Asmara,eat,+03:00,15.33333,38.88333,ER,
6,Africa/Bamako,gmt,+00:00,12.65,-8,ML,
7,Africa/Bangui,wat,+01:00,4.36666,18.58333,CF,
8,Africa/Banjul,gmt,+00:00,13.46666,-16.64999,GM,
9,Africa/Bissau,gmt,+00:00,11.85,-15.58333,GW,
10,Africa/Blantyre,cat,+02:00,-15.78333,35,MW,
11,Africa/Brazzaville,wat,+01:00,-4.26666,15.28333,CG,
12,Africa/Bujumbura,cat,+02:00,-3.38333,29.36666,BI,
13,Africa/Cairo,eet,+02:00,30.05,31.25,EG,
14,Africa/Casablanca,unknown,+01:00,33.65,-7.58333,MA,
15,Africa/Ceuta,cet,+02:00,35.88333,-5.31666,ES,"Ceuta, Melilla"
16,Africa/Conakry,gmt,+00:00,9.51666,-13.71666,GN,
17,Africa/Dakar,gmt,+00:00,14.66666,-17.43333,SN,
18,Africa/Dar_es_Salaam,eat,+03:00,-6.8,39.28333,TZ,
19,Africa/Djibouti,eat,+03:00,11.6,43.15,DJ,
20,Africa/Douala,wat,+01:00,4.05,9.69999,CM,
21,Africa/El_Aaiun,unknown,+01:00,27.15,-13.2,EH,
22,Africa/Freetown,gmt,+00:00,8.5,-13.25,SL,
23,Africa/Gaborone,cat,+02:00,-24.65,25.91666,BW,
24,Africa/Harare,cat,+02:00,-17.83333,31.05,ZW,
25,Africa/Johannesburg,sast,+02:00,-26.25,28,ZA,
26,Africa/Juba,cat,+02:00,4.84999,31.61666,SS,
27,Africa/Kampala,eat,+03:00,0.31666,32.41666,UG,
28,Africa/Khartoum,cat,+02:00,15.6,32.53333,SD,
29,Africa/Kigali,cat,+02:00,-1.95,30.06666,RW,
30,Africa/Kinshasa,wat,+01:00,-4.3,15.3,CD,"Dem. Rep. of Congo (west)"
31,Africa/Lagos,wat,+01:00,6.45,3.4,NG,
32,Africa/Libreville,wat,+01:00,0.38333,9.44999,GA,
33,Africa/Lome,gmt,+00:00,6.13333,1.21666,TG,
34,Africa/Luanda,wat,+01:00,-8.8,13.23333,AO,
35,Africa/Lubumbashi,cat,+02:00,-11.66666,27.46666,CD,"Dem. Rep. of Congo (east)"
36,Africa/Lusaka,cat,+02:00,-15.41666,28.28333,ZM,
37,Africa/Malabo,wat,+01:00,3.75,8.78333,GQ,
38,Africa/Maputo,cat,+02:00,-25.96666,32.58333,MZ,
39,Africa/Maseru,sast,+02:00,-29.46666,27.5,LS,
40,Africa/Mbabane,sast,+02:00,-26.3,31.1,SZ,
41,Africa/Mogadishu,eat,+03:00,2.06666,45.36666,SO,
42,Africa/Monrovia,gmt,+00:00,6.3,-10.78333,LR,
43,Africa/Nairobi,eat,+03:00,-1.28333,36.81666,KE,
44,Africa/Ndjamena,wat,+01:00,12.11666,15.05,TD,
45,Africa/Niamey,wat,+01:00,13.51666,2.11666,NE,
46,Africa/Nouakchott,gmt,+00:00,18.1,-15.95,MR,
47,Africa/Ouagadougou,gmt,+00:00,12.36666,-1.51666,BF,
48,Africa/Porto-Novo,wat,+01:00,6.48333,2.61666,BJ,
49,Africa/Sao_Tome,gmt,+00:00,0.33333,6.73333,ST,
50,Africa/Tripoli,cet,+02:00,32.9,13.18333,LY,
51,Africa/Tunis,cet,+01:00,36.79999,10.18333,TN,
52,Africa/Windhoek,cat,+02:00,-22.56666,17.1,NA,
53,America/Adak,ahst,-09:00,51.88,-176.65805,US,"Aleutian Islands"
54,America/Anchorage,ahst,-08:00,61.21805,-149.90027,US,"Alaska (most areas)"
55,America/Anguilla,ast,-04:00,18.2,-63.06666,AI,
56,America/Antigua,ast,-04:00,17.05,-61.8,AG,
57,America/Araguaina,unknown,-03:00,-7.2,-48.2,BR,Tocantins
58,America/Argentina/Buenos_Aires,cmt,-03:00,-34.6,-58.45,AR,"Buenos Aires (BA, CF)"
59,America/Argentina/Catamarca,cmt,-03:00,-28.46666,-65.78333,AR,"Catamarca (CT); Chubut (CH)"
60,America/Argentina/Cordoba,cmt,-03:00,-31.4,-64.18333,AR,"Argentina (most areas: CB, CC, CN, ER, FM, MN, SE, SF)"
61,America/Argentina/Jujuy,cmt,-03:00,-24.18333,-65.3,AR,"Jujuy (JY)"
62,America/Argentina/La_Rioja,cmt,-03:00,-29.43333,-66.84999,AR,"La Rioja (LR)"
63,America/Argentina/Mendoza,cmt,-03:00,-32.88333,-68.81666,AR,"Mendoza (MZ)"
64,America/Argentina/Rio_Gallegos,cmt,-03:00,-51.63333,-69.21666,AR,"Santa Cruz (SC)"
65,America/Argentina/Salta,cmt,-03:00,-24.78333,-65.41666,AR,"Salta (SA, LP, NQ, RN)"
66,America/Argentina/San_Juan,cmt,-03:00,-31.53333,-68.51666,AR,"San Juan (SJ)"
67,America/Argentina/San_Luis,cmt,-03:00,-33.31666,-66.34999,AR,"San Luis (SL)"
68,America/Argentina/Tucuman,cmt,-03:00,-26.81666,-65.21666,AR,"Tucuman (TM)"
69,America/Argentina/Ushuaia,cmt,-03:00,-54.8,-68.3,AR,"Tierra del Fuego (TF)"
70,America/Aruba,ast,-04:00,12.5,-69.96666,AW,
71,America/Asuncion,amt,-03:00,-25.26666,-57.66666,PY,
72,America/Atikokan,cst,-05:00,48.75861,-91.62166,CA,"EST - ON (Atikokan); NU (Coral H)"
73,America/Bahia,unknown,-03:00,-12.98333,-38.51666,BR,Bahia
74,America/Bahia_Banderas,cst,-05:00,20.8,-105.25,MX,"Central Time - Bahia de Banderas"
75,America/Barbados,ast,-04:00,13.1,-59.61666,BB,
76,America/Belem,unknown,-03:00,-1.45,-48.48333,BR,"Para (east); Amapa"
77,America/Belize,cst,-06:00,17.5,-88.2,BZ,
78,America/Blanc-Sablon,ast,-04:00,51.41666,-57.11666,CA,"AST - QC (Lower North Shore)"
79,America/Boa_Vista,unknown,-04:00,2.81666,-60.66666,BR,Roraima
80,America/Bogota,bmt,-05:00,4.59999,-74.08333,CO,
81,America/Boise,mst,-06:00,43.61361,-116.2025,US,"Mountain - ID (south); OR (east)"
82,America/Cambridge_Bay,cst,-06:00,69.11388,-105.05277,CA,"Mountain - NU (west)"
83,America/Campo_Grande,unknown,-04:00,-20.45,-54.61666,BR,"Mato Grosso do Sul"
84,America/Cancun,cst,-05:00,21.08333,-86.76666,MX,"Eastern Standard Time - Quintana Roo"
85,America/Caracas,cmt,-04:00,10.5,-66.93333,VE,
86,America/Cayenne,unknown,-03:00,4.93333,-52.33333,GF,
87,America/Cayman,cmt,-05:00,19.3,-81.38333,KY,
88,America/Chicago,cst,-05:00,41.85,-87.65,US,"Central (most areas)"
89,America/Chihuahua,cst,-06:00,28.63333,-106.08333,MX,"Mountain Time - Chihuahua (most areas)"
90,America/Costa_Rica,cst,-06:00,9.93333,-84.08333,CR,
91,America/Creston,mst,-07:00,49.1,-116.51666,CA,"MST - BC (Creston)"
92,America/Cuiaba,unknown,-04:00,-15.58333,-56.08333,BR,"Mato Grosso"
93,America/Curacao,ast,-04:00,12.18333,-69,CW,
94,America/Danmarkshavn,gmt,+00:00,76.76666,-18.66666,GL,"National Park (east coast)"
95,America/Dawson,pst,-07:00,64.06666,-139.41666,CA,"MST - Yukon (west)"
96,America/Dawson_Creek,mst,-07:00,55.76666,-120.23333,CA,"MST - BC (Dawson Cr, Ft St John)"
97,America/Denver,mst,-06:00,39.73916,-104.98416,US,"Mountain (most areas)"
98,America/Detroit,cst,-04:00,42.33138,-83.04583,US,"Eastern - MI (most areas)"
99,America/Dominica,ast,-04:00,15.3,-61.4,DM,
100,America/Edmonton,mst,-06:00,53.55,-113.46666,CA,"Mountain - AB; BC (E); SK (W)"
101,America/Eirunepe,unknown,-05:00,-6.66666,-69.86666,BR,"Amazonas (west)"
102,America/El_Salvador,cst,-06:00,13.7,-89.2,SV,
103,America/Fort_Nelson,mst,-07:00,58.8,-122.7,CA,"MST - BC (Ft Nelson)"
104,America/Fortaleza,unknown,-03:00,-3.71666,-38.5,BR,"Brazil (northeast: MA, PI, CE, RN, PB)"
105,America/Glace_Bay,ast,-03:00,46.2,-59.95,CA,"Atlantic - NS (Cape Breton)"
106,America/Goose_Bay,ast,-03:00,53.33333,-60.41666,CA,"Atlantic - Labrador (most areas)"
107,America/Grand_Turk,ast,-04:00,21.46666,-71.13333,TC,
108,America/Grenada,ast,-04:00,12.05,-61.75,GD,
109,America/Guadeloupe,ast,-04:00,16.23333,-61.53333,GP,
110,America/Guatemala,cst,-06:00,14.63333,-90.51666,GT,
111,America/Guayaquil,qmt,-05:00,-2.16666,-79.83333,EC,"Ecuador (mainland)"
112,America/Guyana,unknown,-04:00,6.8,-58.16666,GY,
113,America/Halifax,ast,-03:00,44.65,-63.6,CA,"Atlantic - NS (most areas); PE"
114,America/Havana,cst,-04:00,23.13333,-82.36666,CU,
115,America/Hermosillo,cst,-07:00,29.06666,-110.96666,MX,"Mountain Standard Time - Sonora"
116,America/Indiana/Indianapolis,cst,-04:00,39.76833,-86.15805,US,"Eastern - IN (most areas)"
117,America/Indiana/Knox,cst,-05:00,41.29583,-86.625,US,"Central - IN (Starke)"
118,America/Indiana/Marengo,cst,-04:00,38.37555,-86.34472,US,"Eastern - IN (Crawford)"
119,America/Indiana/Petersburg,cst,-04:00,38.49194,-87.27861,US,"Eastern - IN (Pike)"
120,America/Indiana/Tell_City,cst,-05:00,37.95305,-86.76138,US,"Central - IN (Perry)"
121,America/Indiana/Vevay,cst,-04:00,38.74777,-85.06722,US,"Eastern - IN (Switzerland)"
122,America/Indiana/Vincennes,cst,-04:00,38.67722,-87.52861,US,"Eastern - IN (Da, Du, K, Mn)"
123,America/Indiana/Winamac,cst,-04:00,41.05138,-86.60305,US,"Eastern - IN (Pulaski)"
124,America/Inuvik,mst,-06:00,68.34972,-133.71666,CA,"Mountain - NT (west)"
125,America/Iqaluit,cst,-04:00,63.73333,-68.46666,CA,"Eastern - NU (most east areas)"
126,America/Jamaica,est,-05:00,17.96805,-76.79333,JM,
127,America/Juneau,akst,-08:00,58.30194,-134.41972,US,"Alaska - Juneau area"
128,America/Kentucky/Louisville,cst,-04:00,38.25416,-85.75944,US,"Eastern - KY (Louisville area)"
129,America/Kentucky/Monticello,cst,-04:00,36.82972,-84.84916,US,"Eastern - KY (Wayne)"
130,America/Kralendijk,ast,-04:00,12.15083,-68.27666,BQ,
131,America/La_Paz,cmt,-04:00,-16.5,-68.15,BO,
132,America/Lima,unknown,-05:00,-12.05,-77.05,PE,
133,America/Los_Angeles,pst,-07:00,34.05222,-118.24277,US,Pacific
134,America/Lower_Princes,ast,-04:00,18.05138,-63.04722,SX,
135,America/Maceio,unknown,-03:00,-9.66666,-35.71666,BR,"Alagoas, Sergipe"
136,America/Managua,cst,-06:00,12.15,-86.28333,NI,
137,America/Manaus,unknown,-04:00,-3.13333,-60.01666,BR,"Amazonas (east)"
138,America/Marigot,ast,-04:00,18.06666,-63.08333,MF,
139,America/Martinique,ast,-04:00,14.6,-61.08333,MQ,
140,America/Matamoros,cst,-05:00,25.83333,-97.5,MX,"Central Time US - Coahuila, Nuevo Leon, Tamaulipas (US border)"
141,America/Mazatlan,cst,-06:00,23.21666,-106.41666,MX,"Mountain Time - Baja California Sur, Nayarit, Sinaloa"
142,America/Menominee,cst,-05:00,45.10777,-87.61416,US,"Central - MI (Wisconsin border)"
143,America/Merida,cst,-05:00,20.96666,-89.61666,MX,"Central Time - Campeche, Yucatan"
144,America/Metlakatla,akst,-08:00,55.12694,-131.57638,US,"Alaska - Annette Island"
145,America/Mexico_City,cst,-05:00,19.39999,-99.15,MX,"Central Time"
146,America/Miquelon,ast,-02:00,47.05,-56.33333,PM,
147,America/Moncton,ast,-03:00,46.1,-64.78333,CA,"Atlantic - New Brunswick"
148,America/Monterrey,cst,-05:00,25.66666,-100.31666,MX,"Central Time - Durango; Coahuila, Nuevo Leon, Tamaulipas (most areas)"
149,America/Montevideo,mmt,-03:00,-34.90916,-56.2125,UY,
150,America/Montserrat,ast,-04:00,16.71666,-62.21666,MS,
151,America/Nassau,est,-04:00,25.08333,-77.34999,BS,
152,America/New_York,est,-04:00,40.71416,-74.00638,US,"Eastern (most areas)"
153,America/Nipigon,est,-04:00,49.01666,-88.26666,CA,"Eastern - ON, QC (no DST 1967-73)"
154,America/Nome,akst,-08:00,64.50111,-165.40638,US,"Alaska (west)"
155,America/Noronha,unknown,-02:00,-3.85,-32.41666,BR,"Atlantic islands"
156,America/North_Dakota/Beulah,cst,-05:00,47.26416,-101.77777,US,"Central - ND (Mercer)"
157,America/North_Dakota/Center,cst,-05:00,47.11638,-101.29916,US,"Central - ND (Oliver)"
158,America/North_Dakota/New_Salem,cst,-05:00,46.845,-101.41083,US,"Central - ND (Morton rural)"
159,America/Nuuk,unknown,-02:00,64.18333,-51.73333,GL,"Greenland (most areas)"
160,America/Ojinaga,cst,-06:00,29.56666,-104.41666,MX,"Mountain Time US - Chihuahua (US border)"
161,America/Panama,cmt,-05:00,8.96666,-79.53333,PA,
162,America/Pangnirtung,ast,-04:00,66.13333,-65.73333,CA,"Eastern - NU (Pangnirtung)"
163,America/Paramaribo,pmt,-03:00,5.83333,-55.16666,SR,
164,America/Phoenix,mst,-07:00,33.44833,-112.07333,US,"MST - Arizona (except Navajo)"
165,America/Port-au-Prince,est,-04:00,18.53333,-72.33333,HT,
166,America/Port_of_Spain,ast,-04:00,10.65,-61.51666,TT,
167,America/Porto_Velho,unknown,-04:00,-8.76666,-63.9,BR,Rondonia
168,America/Puerto_Rico,ast,-04:00,18.46833,-66.10611,PR,
169,America/Punta_Arenas,smt,-03:00,-53.15,-70.91666,CL,"Region of Magallanes"
170,America/Rainy_River,cst,-05:00,48.71666,-94.56666,CA,"Central - ON (Rainy R, Ft Frances)"
171,America/Rankin_Inlet,cst,-05:00,62.81666,-92.08305,CA,"Central - NU (central)"
172,America/Recife,unknown,-03:00,-8.05,-34.9,BR,Pernambuco
173,America/Regina,cst,-06:00,50.4,-104.65,CA,"CST - SK (most areas)"
174,America/Resolute,cst,-05:00,74.69555,-94.82916,CA,"Central - NU (Resolute)"
175,America/Rio_Branco,unknown,-05:00,-9.96666,-67.8,BR,Acre
176,America/Santarem,unknown,-03:00,-2.43333,-54.86666,BR,"Para (west)"
177,America/Santiago,smt,-03:00,-33.45,-70.66666,CL,"Chile (most areas)"
178,America/Santo_Domingo,ast,-04:00,18.46666,-69.9,DO,
179,America/Sao_Paulo,unknown,-03:00,-23.53333,-46.61666,BR,"Brazil (southeast: GO, DF, MG, ES, RJ, SP, PR, SC, RS)"
180,America/Scoresbysund,unknown,+00:00,70.48333,-21.96666,GL,Scoresbysund/Ittoqqortoormiit
181,America/Sitka,akst,-08:00,57.17638,-135.30194,US,"Alaska - Sitka area"
182,America/St_Barthelemy,ast,-04:00,17.88333,-62.85,BL,
183,America/St_Johns,nst,-02:30,47.56666,-52.71666,CA,"Newfoundland; Labrador (southeast)"
184,America/St_Kitts,ast,-04:00,17.3,-62.71666,KN,
185,America/St_Lucia,ast,-04:00,14.01666,-61,LC,
186,America/St_Thomas,ast,-04:00,18.35,-64.93333,VI,
187,America/St_Vincent,ast,-04:00,13.15,-61.23333,VC,
188,America/Swift_Current,cst,-06:00,50.28333,-107.83333,CA,"CST - SK (midwest)"
189,America/Tegucigalpa,cst,-06:00,14.1,-87.21666,HN,
190,America/Thule,ast,-03:00,76.56666,-68.78333,GL,Thule/Pituffik
191,America/Thunder_Bay,cst,-04:00,48.38333,-89.25,CA,"Eastern - ON (Thunder Bay)"
192,America/Tijuana,mst,-07:00,32.53333,-117.01666,MX,"Pacific Time US - Baja California"
193,America/Toronto,est,-04:00,43.65,-79.38333,CA,"Eastern - ON, QC (most areas)"
194,America/Tortola,ast,-04:00,18.45,-64.61666,VG,
195,America/Vancouver,pst,-07:00,49.26666,-123.11666,CA,"Pacific - BC (most areas)"
196,America/Whitehorse,pst,-07:00,60.71666,-135.05,CA,"MST - Yukon (east)"
197,America/Winnipeg,cst,-05:00,49.88333,-97.15,CA,"Central - ON (west); Manitoba"
198,America/Yakutat,akst,-08:00,59.54694,-139.72722,US,"Alaska - Yakutat"
199,America/Yellowknife,mst,-06:00,62.45,-114.35,CA,"Mountain - NT (central)"
200,Antarctica/Casey,unknown,+11:00,-66.28333,110.51666,AQ,Casey
201,Antarctica/Davis,unknown,+07:00,-68.58333,77.96666,AQ,Davis
202,Antarctica/DumontDUrville,unknown,+10:00,-66.66666,140.01666,AQ,Dumont-d'Urville
203,Antarctica/Macquarie,aest,+11:00,-54.5,158.94999,AU,"Macquarie Island"
204,Antarctica/Mawson,unknown,+05:00,-67.59999,62.88333,AQ,Mawson
205,Antarctica/McMurdo,nzmt,+13:00,-77.83333,166.6,AQ,"New Zealand time - McMurdo, South Pole"
206,Antarctica/Palmer,unknown,-03:00,-64.8,-64.09999,AQ,Palmer
207,Antarctica/Rothera,unknown,-03:00,-67.56666,-68.13333,AQ,Rothera
208,Antarctica/Syowa,unknown,+03:00,-69.00611,39.59,AQ,Syowa
209,Antarctica/Troll,unknown,+02:00,-72.01138,2.53499,AQ,Troll
210,Antarctica/Vostok,unknown,+06:00,-78.4,106.9,AQ,Vostok
211,Arctic/Longyearbyen,cet,+02:00,78,16,SJ,
212,Asia/Aden,unknown,+03:00,12.75,45.2,YE,
213,Asia/Almaty,unknown,+06:00,43.25,76.95,KZ,"Kazakhstan (most areas)"
214,Asia/Amman,eet,+03:00,31.95,35.93333,JO,
215,Asia/Anadyr,unknown,+12:00,64.75,177.48333,RU,"MSK+09 - Bering Sea"
216,Asia/Aqtau,unknown,+05:00,44.51666,50.26666,KZ,Mangghystau/Mankistau
217,Asia/Aqtobe,unknown,+05:00,50.28333,57.16666,KZ,Aqtobe/Aktobe
218,Asia/Ashgabat,unknown,+05:00,37.95,58.38333,TM,
219,Asia/Atyrau,unknown,+05:00,47.11666,51.93333,KZ,Atyrau/Atirau/Gur'yev
220,Asia/Baghdad,bmt,+03:00,33.35,44.41666,IQ,
221,Asia/Bahrain,unknown,+03:00,26.38333,50.58333,BH,
222,Asia/Baku,unknown,+04:00,40.38333,49.85,AZ,
223,Asia/Bangkok,bmt,+07:00,13.75,100.51666,TH,
224,Asia/Barnaul,unknown,+07:00,53.36666,83.75,RU,"MSK+04 - Altai"
225,Asia/Beirut,eet,+03:00,33.88333,35.5,LB,
226,Asia/Bishkek,unknown,+06:00,42.9,74.59999,KG,
227,Asia/Brunei,unknown,+08:00,4.93333,114.91666,BN,
228,Asia/Chita,unknown,+09:00,52.05,113.46666,RU,"MSK+06 - Zabaykalsky"
229,Asia/Choibalsan,unknown,+08:00,48.06666,114.5,MN,"Dornod, Sukhbaatar"
230,Asia/Colombo,mmt,+05:30,6.93333,79.84999,LK,
231,Asia/Damascus,eet,+03:00,33.5,36.29999,SY,
232,Asia/Dhaka,hmt,+06:00,23.71666,90.41666,BD,
233,Asia/Dili,unknown,+09:00,-8.55,125.58333,TL,
234,Asia/Dubai,unknown,+04:00,25.3,55.3,AE,
235,Asia/Dushanbe,unknown,+05:00,38.58333,68.8,TJ,
236,Asia/Famagusta,eet,+03:00,35.11666,33.95,CY,"Northern Cyprus"
237,Asia/Gaza,eet,+03:00,31.5,34.46666,PS,"Gaza Strip"
238,Asia/Hebron,eet,+03:00,31.53333,35.095,PS,"West Bank"
239,Asia/Ho_Chi_Minh,plmt,+07:00,10.75,106.66666,VN,
240,Asia/Hong_Kong,hkt,+08:00,22.28333,114.15,HK,
241,Asia/Hovd,unknown,+07:00,48.01666,91.65,MN,"Bayan-Olgiy, Govi-Altai, Hovd, Uvs, Zavkhan"
242,Asia/Irkutsk,imt,+08:00,52.26666,104.33333,RU,"MSK+05 - Irkutsk, Buryatia"
243,Asia/Jakarta,bmt,+07:00,-6.16666,106.8,ID,"Java, Sumatra"
244,Asia/Jayapura,wit,+09:00,-2.53333,140.69999,ID,"New Guinea (West Papua / Irian Jaya); Malukus/Moluccas"
245,Asia/Jerusalem,ist,+03:00,31.78055,35.22388,IL,
246,Asia/Kabul,unknown,+04:30,34.51666,69.2,AF,
247,Asia/Kamchatka,unknown,+12:00,53.01666,158.65,RU,"MSK+09 - Kamchatka"
248,Asia/Karachi,pkt,+05:00,24.86666,67.05,PK,
249,Asia/Kathmandu,unknown,+05:45,27.71666,85.31666,NP,
250,Asia/Khandyga,unknown,+09:00,62.65638,135.55388,RU,"MSK+06 - Tomponsky, Ust-Maysky"
251,Asia/Kolkata,ist,+05:30,22.53333,88.36666,IN,
252,Asia/Krasnoyarsk,unknown,+07:00,56.01666,92.83333,RU,"MSK+04 - Krasnoyarsk area"
253,Asia/Kuala_Lumpur,smt,+08:00,3.16666,101.7,MY,"Malaysia (peninsula)"
254,Asia/Kuching,unknown,+08:00,1.55,110.33333,MY,"Sabah, Sarawak"
255,Asia/Kuwait,unknown,+03:00,29.33333,47.98333,KW,
256,Asia/Macau,cst,+08:00,22.19722,113.54166,MO,
257,Asia/Magadan,unknown,+11:00,59.56666,150.8,RU,"MSK+08 - Magadan"
258,Asia/Makassar,mmt,+08:00,-5.11666,119.4,ID,"Borneo (east, south); Sulawesi/Celebes, Bali, Nusa Tengarra; Timor (west)"
259,Asia/Manila,jst,+08:00,14.58333,121,PH,
260,Asia/Muscat,unknown,+04:00,23.6,58.58333,OM,
261,Asia/Nicosia,eet,+03:00,35.16666,33.36666,CY,"Cyprus (most areas)"
262,Asia/Novokuznetsk,unknown,+07:00,53.75,87.11666,RU,"MSK+04 - Kemerovo"
263,Asia/Novosibirsk,unknown,+07:00,55.03333,82.91666,RU,"MSK+04 - Novosibirsk"
264,Asia/Omsk,unknown,+06:00,55,73.4,RU,"MSK+03 - Omsk"
265,Asia/Oral,unknown,+05:00,51.21666,51.35,KZ,"West Kazakhstan"
266,Asia/Phnom_Penh,bmt,+07:00,11.55,104.91666,KH,
267,Asia/Pontianak,pmt,+07:00,-0.03333,109.33333,ID,"Borneo (west, central)"
268,Asia/Pyongyang,jst,+09:00,39.01666,125.75,KP,
269,Asia/Qatar,unknown,+03:00,25.28333,51.53333,QA,
270,Asia/Qostanay,unknown,+06:00,53.2,63.61666,KZ,Qostanay/Kostanay/Kustanay
271,Asia/Qyzylorda,unknown,+05:00,44.8,65.46666,KZ,Qyzylorda/Kyzylorda/Kzyl-Orda
272,Asia/Riyadh,unknown,+03:00,24.63333,46.71666,SA,
273,Asia/Sakhalin,unknown,+11:00,46.96666,142.69999,RU,"MSK+08 - Sakhalin Island"
274,Asia/Samarkand,unknown,+05:00,39.66666,66.8,UZ,"Uzbekistan (west)"
275,Asia/Seoul,jst,+09:00,37.54999,126.96666,KR,
276,Asia/Shanghai,cst,+08:00,31.23333,121.46666,CN,"Beijing Time"
277,Asia/Singapore,smt,+08:00,1.28333,103.85,SG,
278,Asia/Srednekolymsk,unknown,+11:00,67.46666,153.71666,RU,"MSK+08 - Sakha (E); North Kuril Is"
279,Asia/Taipei,cst,+08:00,25.05,121.5,TW,
280,Asia/Tashkent,unknown,+05:00,41.33333,69.3,UZ,"Uzbekistan (east)"
281,Asia/Tbilisi,tbmt,+04:00,41.71666,44.81666,GE,
282,Asia/Tehran,tmt,+03:30,35.66666,51.43333,IR,
283,Asia/Thimphu,unknown,+06:00,27.46666,89.65,BT,
284,Asia/Tokyo,jst,+09:00,35.65444,139.74472,JP,
285,Asia/Tomsk,unknown,+07:00,56.5,84.96666,RU,"MSK+04 - Tomsk"
286,Asia/Ulaanbaatar,unknown,+08:00,47.91666,106.88333,MN,"Mongolia (most areas)"
287,Asia/Urumqi,unknown,+06:00,43.8,87.58333,CN,"Xinjiang Time"
288,Asia/Ust-Nera,unknown,+10:00,64.56027,143.22666,RU,"MSK+07 - Oymyakonsky"
289,Asia/Vientiane,bmt,+07:00,17.96666,102.6,LA,
290,Asia/Vladivostok,unknown,+10:00,43.16666,131.93333,RU,"MSK+07 - Amur River"
291,Asia/Yakutsk,unknown,+09:00,62,129.66666,RU,"MSK+06 - Lena River"
292,Asia/Yangon,rmt,+06:30,16.78333,96.16666,MM,
293,Asia/Yekaterinburg,pmt,+05:00,56.85,60.6,RU,"MSK+02 - Urals"
294,Asia/Yerevan,unknown,+04:00,40.18333,44.5,AM,
295,Atlantic/Azores,hmt,+00:00,37.73333,-25.66666,PT,Azores
296,Atlantic/Bermuda,ast,-03:00,32.28333,-64.76666,BM,
297,Atlantic/Canary,wet,+01:00,28.1,-15.4,ES,"Canary Islands"
298,Atlantic/Cape_Verde,unknown,-01:00,14.91666,-23.51666,CV,
299,Atlantic/Faroe,wet,+01:00,62.01666,-6.76666,FO,
300,Atlantic/Madeira,fmt,+01:00,32.63333,-16.89999,PT,"Madeira Islands"
301,Atlantic/Reykjavik,gmt,+00:00,64.15,-21.85,IS,
302,Atlantic/South_Georgia,unknown,-02:00,-54.26666,-36.53333,GS,
303,Atlantic/St_Helena,gmt,+00:00,-15.91666,-5.7,SH,
304,Atlantic/Stanley,smt,-03:00,-51.7,-57.85,FK,
305,Australia/Adelaide,acst,+10:30,-34.91666,138.58333,AU,"South Australia"
306,Australia/Brisbane,aest,+10:00,-27.46666,153.03333,AU,"Queensland (most areas)"
307,Australia/Broken_Hill,acst,+10:30,-31.95,141.44999,AU,"New South Wales (Yancowinna)"
308,Australia/Darwin,acst,+09:30,-12.46666,130.83333,AU,"Northern Territory"
309,Australia/Eucla,unknown,+08:45,-31.71666,128.86666,AU,"Western Australia (Eucla)"
310,Australia/Hobart,aest,+11:00,-42.88333,147.31666,AU,Tasmania
311,Australia/Lindeman,aest,+10:00,-20.26666,149,AU,"Queensland (Whitsunday Islands)"
312,Australia/Lord_Howe,aest,+11:00,-31.55,159.08333,AU,"Lord Howe Island"
313,Australia/Melbourne,aest,+11:00,-37.81666,144.96666,AU,Victoria
314,Australia/Perth,awst,+08:00,-31.95,115.85,AU,"Western Australia (most areas)"
315,Australia/Sydney,aest,+11:00,-33.86666,151.21666,AU,"New South Wales (most areas)"
316,Europe/Amsterdam,amt,+02:00,52.36666,4.9,NL,
317,Europe/Andorra,cet,+02:00,42.5,1.51666,AD,
318,Europe/Astrakhan,unknown,+04:00,46.35,48.05,RU,"MSK+01 - Astrakhan"
319,Europe/Athens,amt,+03:00,37.96666,23.71666,GR,
320,Europe/Belgrade,cet,+02:00,44.83333,20.5,RS,
321,Europe/Berlin,cet,+02:00,52.5,13.36666,DE,"Germany (most areas)"
322,Europe/Bratislava,cet,+02:00,48.15,17.11666,SK,
323,Europe/Brussels,cet,+02:00,50.83333,4.33333,BE,
324,Europe/Bucharest,bmt,+03:00,44.43333,26.1,RO,
325,Europe/Budapest,cet,+02:00,47.5,19.08333,HU,
326,Europe/Busingen,cet,+02:00,47.7,8.68333,DE,Busingen
327,Europe/Chisinau,bmt,+03:00,47,28.83333,MD,
328,Europe/Copenhagen,cet,+02:00,55.66666,12.58333,DK,
329,Europe/Dublin,dmt,+01:00,53.33333,-6.25,IE,
330,Europe/Gibraltar,cet,+02:00,36.13333,-5.35,GI,
331,Europe/Guernsey,bst,+01:00,49.45472,-2.53611,GG,
332,Europe/Helsinki,eet,+03:00,60.16666,24.96666,FI,
333,Europe/Isle_of_Man,bst,+01:00,54.15,-4.46666,IM,
334,Europe/Istanbul,eet,+03:00,41.01666,28.96666,TR,
335,Europe/Jersey,bst,+01:00,49.18361,-2.10666,JE,
336,Europe/Kaliningrad,cet,+02:00,54.71666,20.5,RU,"MSK-01 - Kaliningrad"
337,Europe/Kirov,unknown,+03:00,58.6,49.65,RU,"MSK+00 - Kirov"
338,Europe/Kyiv,unknown,+03:00,50.43333,30.51666,UA,"Ukraine (most areas)"
339,Europe/Lisbon,cet,+01:00,38.71666,-9.13333,PT,"Portugal (mainland)"
340,Europe/Ljubljana,cet,+02:00,46.05,14.51666,SI,
341,Europe/London,bst,+01:00,51.50833,-0.12527,GB,
342,Europe/Luxembourg,cet,+02:00,49.6,6.15,LU,
343,Europe/Madrid,cet,+02:00,40.4,-3.68333,ES,"Spain (mainland)"
344,Europe/Malta,cet,+02:00,35.9,14.51666,MT,
345,Europe/Mariehamn,eet,+03:00,60.1,19.95,AX,
346,Europe/Minsk,cet,+03:00,53.9,27.56666,BY,
347,Europe/Monaco,cet,+02:00,43.7,7.38333,MC,
348,Europe/Moscow,eet,+03:00,55.75583,37.61777,RU,"MSK+00 - Moscow area"
349,Europe/Oslo,cet,+02:00,59.91666,10.75,NO,
350,Europe/Paris,cet,+02:00,48.86666,2.33333,FR,
351,Europe/Podgorica,cet,+02:00,42.43333,19.26666,ME,
352,Europe/Prague,cet,+02:00,50.08333,14.43333,CZ,
353,Europe/Riga,cet,+03:00,56.95,24.1,LV,
354,Europe/Rome,cet,+02:00,41.9,12.48333,IT,
355,Europe/Samara,unknown,+04:00,53.2,50.15,RU,"MSK+01 - Samara, Udmurtia"
356,Europe/San_Marino,cet,+02:00,43.91666,12.46666,SM,
357,Europe/Sarajevo,cet,+02:00,43.86666,18.41666,BA,
358,Europe/Saratov,unknown,+04:00,51.56666,46.03333,RU,"MSK+01 - Saratov"
359,Europe/Simferopol,cet,+03:00,44.95,34.1,UA,Crimea
360,Europe/Skopje,cet,+02:00,41.98333,21.43333,MK,
361,Europe/Sofia,cet,+03:00,42.68333,23.31666,BG,
362,Europe/Stockholm,cet,+02:00,59.33333,18.05,SE,
363,Europe/Tallinn,cet,+03:00,59.41666,24.75,EE,
364,Europe/Tirane,cet,+02:00,41.33333,19.83333,AL,
365,Europe/Ulyanovsk,unknown,+04:00,54.33333,48.4,RU,"MSK+01 - Ulyanovsk"
366,Europe/Uzhgorod,cet,+03:00,48.61666,22.3,UA,Transcarpathia
367,Europe/Vaduz,cet,+02:00,47.15,9.51666,LI,
368,Europe/Vatican,cet,+02:00,41.90222,12.45305,VA,
369,Europe/Vienna,cet,+02:00,48.21666,16.33333,AT,
370,Europe/Vilnius,cet,+03:00,54.68333,25.31666,LT,
371,Europe/Volgograd,unknown,+03:00,48.73333,44.41666,RU,"MSK+00 - Volgograd"
372,Europe/Warsaw,cet,+02:00,52.25,21,PL,
373,Europe/Zagreb,cet,+02:00,45.8,15.96666,HR,
374,Europe/Zaporozhye,cet,+03:00,47.83333,35.16666,UA,"Zaporozhye and east Lugansk"
375,Europe/Zurich,cet,+02:00,47.38333,8.53333,CH,
376,Indian/Antananarivo,eat,+03:00,-18.91666,47.51666,MG,
377,Indian/Chagos,unknown,+06:00,-7.33333,72.41666,IO,
378,Indian/Christmas,unknown,+07:00,-10.41666,105.71666,CX,
379,Indian/Cocos,unknown,+06:30,-12.16666,96.91666,CC,
380,Indian/Comoro,eat,+03:00,-11.68333,43.26666,KM,
381,Indian/Kerguelen,unknown,+05:00,-49.35277,70.2175,TF,
382,Indian/Mahe,unknown,+04:00,-4.66666,55.46666,SC,
383,Indian/Maldives,mmt,+05:00,4.16666,73.5,MV,
384,Indian/Mauritius,unknown,+04:00,-20.16666,57.5,MU,
385,Indian/Mayotte,eat,+03:00,-12.78333,45.23333,YT,
386,Indian/Reunion,unknown,+04:00,-20.86666,55.46666,RE,
387,Pacific/Apia,unknown,+13:00,-13.83333,-171.73333,WS,
388,Pacific/Auckland,nzmt,+13:00,-36.86666,174.76666,NZ,"New Zealand (most areas)"
389,Pacific/Bougainville,unknown,+11:00,-6.21666,155.56666,PG,Bougainville
390,Pacific/Chatham,unknown,+13:45,-43.95,-176.55,NZ,"Chatham Islands"
391,Pacific/Chuuk,unknown,+10:00,7.41666,151.78333,FM,"Chuuk/Truk, Yap"
392,Pacific/Easter,emt,-05:00,-27.15,-109.43333,CL,"Easter Island"
393,Pacific/Efate,unknown,+11:00,-17.66666,168.41666,VU,
394,Pacific/Fakaofo,unknown,+13:00,-9.36666,-171.23333,TK,
395,Pacific/Fiji,unknown,+12:00,-18.13333,178.41666,FJ,
396,Pacific/Funafuti,unknown,+12:00,-8.51666,179.21666,TV,
397,Pacific/Galapagos,unknown,-06:00,-0.9,-89.6,EC,"Galapagos Islands"
398,Pacific/Gambier,unknown,-09:00,-23.13333,-134.94999,PF,"Gambier Islands"
399,Pacific/Guadalcanal,unknown,+11:00,-9.53333,160.19999,SB,
400,Pacific/Guam,chst,+10:00,13.46666,144.75,GU,
401,Pacific/Honolulu,hst,-10:00,21.30694,-157.85833,US,Hawaii
402,Pacific/Kanton,unknown,+13:00,-2.78333,-171.71666,KI,"Phoenix Islands"
403,Pacific/Kiritimati,unknown,+14:00,1.86666,-157.33333,KI,"Line Islands"
404,Pacific/Kosrae,unknown,+11:00,5.31666,162.98333,FM,Kosrae
405,Pacific/Kwajalein,unknown,+12:00,9.08333,167.33333,MH,Kwajalein
406,Pacific/Majuro,unknown,+12:00,7.15,171.2,MH,"Marshall Islands (most areas)"
407,Pacific/Marquesas,unknown,-09:30,-9,-139.5,PF,"Marquesas Islands"
408,Pacific/Midway,sst,-11:00,28.21666,-177.36666,UM,"Midway Islands"
409,Pacific/Nauru,unknown,+12:00,-0.51666,166.91666,NR,
410,Pacific/Niue,unknown,-11:00,-19.01666,-169.91666,NU,
411,Pacific/Norfolk,unknown,+12:00,-29.05,167.96666,NF,
412,Pacific/Noumea,unknown,+11:00,-22.26666,166.44999,NC,
413,Pacific/Pago_Pago,sst,-11:00,-14.26666,-170.7,AS,
414,Pacific/Palau,unknown,+09:00,7.33333,134.48333,PW,
415,Pacific/Pitcairn,unknown,-08:00,-25.06666,-130.08333,PN,
416,Pacific/Pohnpei,unknown,+11:00,6.96666,158.21666,FM,Pohnpei/Ponape
417,Pacific/Port_Moresby,unknown,+10:00,-9.5,147.16666,PG,"Papua New Guinea (most areas)"
418,Pacific/Rarotonga,unknown,-10:00,-21.23333,-159.76666,CK,
419,Pacific/Saipan,chst,+10:00,15.2,145.75,MP,
420,Pacific/Tahiti,unknown,-10:00,-17.53333,-149.56666,PF,"Society Islands"
421,Pacific/Tarawa,unknown,+12:00,1.41666,173,KI,"Gilbert Islands"
422,Pacific/Tongatapu,unknown,+13:00,-21.13333,-175.2,TO,
423,Pacific/Wake,unknown,+12:00,19.28333,166.61666,UM,"Wake Island"
424,Pacific/Wallis,unknown,+12:00,-13.3,-176.16666,WF,
425,UTC,utc,+00:00,0,0,??,?
