id,name,subregion,parent_id
1,Asia,0,NULL
2,"Southern Asia",1,1
3,Europe,0,NULL
4,"Northern Europe",1,3
5,"Southern Europe",1,3
6,Africa,0,NULL
7,"Northern Africa",1,6
8,Oceania,0,NULL
9,Polynesia,1,8
10,"Middle Africa",1,6
11,Americas,0,NULL
12,Caribbean,1,11
13,Polar,0,NULL
14,"South America",1,11
15,"Western Asia",1,1
16,"Australia and New Zealand",1,8
17,"Western Europe",1,3
18,"Eastern Europe",1,3
19,"Central America",1,11
20,"Western Africa",1,6
21,"Northern America",1,11
22,"Southern Africa",1,6
23,"Eastern Africa",1,6
24,"South-Eastern Asia",1,1
25,"Eastern Asia",1,1
26,Melanesia,1,8
27,Micronesia,1,8
28,"Central Asia",1,1
30,"Southeast Europe",1,3
31,"Central Europe",1,3
32,Antarctic,0,NULL
33,"North America",1,11
